"team","pass_rush_rating","sack_rate","pressure_rate","pass_block_rating","sacks_allowed_rate","protection_rate","primary_qb","coach","passing_epa","total_pass_plays","rushing_epa","total_rush_plays","total_offensive_epa","total_plays","defensive_epa","defensive_pass_epa","defensive_rush_epa","wins","losses","ties","win_pct","point_differential","last_5_win_pct","playoff_seed","season","conference","superbowl_win"
"BAL",5.2,0.0573770491803279,0.10655737704918,94.6313528990694,0.0720268006700168,0.874371859296482,"Tony Banks","Brian Billick",-0.0588303945326577,597,-0.0496076728349038,508,-0.0184578957690684,1436,-0.157649127121095,-0.129676286460665,-0.369403171538679,12,4,0,0.75,168,1,3,2000,"AFC","SB Winner"
"DEN",6.25476735316553,0.0648011782032401,0.120765832106038,96.524064171123,0.0451127819548872,0.921804511278196,"Brian Griese","Mike Shanahan",0.170374872184989,665,-0.026281820895496,507,0.0741821815339874,1536,-0.00688365695250854,0.0183076932741963,-0.138546855133957,11,5,0,0.6875,116,0.8,4,2000,"AFC",NA
"IND",5.61299852289513,0.0665610142630745,0.120443740095087,97.389412617839,0.0308166409861325,0.944530046224962,"Peyton Manning","Jim Mora",0.248321484717235,649,-0.0669317066504211,428,0.100923784256193,1431,0.0176699076961101,0.0486580296578115,-0.0546922046972449,10,6,0,0.625,103,0.6,6,2000,"AFC",NA
"MIA",5.8405682715075,0.0687397708674304,0.121112929623568,95.5387205387205,0.0581896551724138,0.885775862068966,"Jay Fiedler","Dave Wannstedt",0.0806703220019915,464,-0.150383216285506,451,-0.00920365788056992,1221,-0.0967741101768136,-0.0760468257905758,-0.169073804268881,11,5,0,0.6875,97,0.6,5,2000,"AFC",NA
"MIN",4.33504775900072,0.0451895043731778,0.0860058309037901,95.0645406226272,0.0572831423895254,0.893617021276596,"Daunte Culpepper","Dennis Green",0.187037378932334,611,-0.0262658077147591,388,0.0953009603003527,1358,0.0695255856273322,0.14863898541443,-0.0490790633324432,11,5,0,0.6875,26,0.4,3,2000,"NFC","Conf Runner-up"
"NO",9.5496894409938,0.106451612903226,0.198387096774194,94.7218259629101,0.0620031796502385,0.88235294117647,"Jeff Blake","Jim Haslett",0.0846037952827839,629,-0.101256622427185,453,0.00652643831905844,1450,-0.0327383984811677,-0.0582455618209504,-0.0931092856215077,10,6,0,0.625,49,0.6,6,2000,"NFC",NA
"NYG",6.34441087613293,0.0630372492836676,0.120343839541547,96.269202633504,0.0469798657718121,0.914429530201342,"Kerry Collins","Jim Fassel",0.137208734687241,596,-0.133543364345533,500,0.0343522259682499,1410,-0.0296668294260578,0.0444566023582926,-0.294393985010851,12,4,0,0.75,82,1,1,2000,"NFC","SB Runner-up"
"PHI",6.51260504201681,0.0742942050520059,0.138187221396731,93.859649122807,0.0628491620111732,0.88268156424581,"Donovan McNabb","Andy Reid",0.0628784620248427,716,-0.138475298559291,346,0.0412901644492381,1402,-0.0356929933842819,-0.0743720276384655,-0.101989123490116,11,5,0,0.6875,106,0.8,2,2000,"NFC",NA
"TB",7.56062767475035,0.0783475783475783,0.150997150997151,94.3640517897944,0.0693430656934307,0.864963503649635,"Shaun King","Tony Dungy",0.0405714010382773,548,-0.0834172223538308,446,0.00309597856874338,1357,-0.0863142110161186,-0.134461366969362,-0.072315772299404,10,6,0,0.625,119,0.8,4,2000,"NFC",NA
"TEN",7.96812749003985,0.0922818791946309,0.167785234899329,96.4544138929088,0.0487364620938628,0.911552346570397,"Steve McNair","Jeff Fisher",0.0850131560365411,554,-0.157891699225936,519,0.012971303422074,1424,-0.115405013438015,-0.146231755871389,-0.274310327507473,13,3,0,0.8125,155,0.8,1,2000,"AFC",NA
"BAL",6.43451930355791,0.0685975609756098,0.129573170731707,94.6024799416484,0.0622083981337481,0.884914463452566,"Elvis Grbac","Brian Billick",-0.0353052808178256,643,-0.16596962447217,481,-0.0548047848761844,1393,-0.116896177407152,-0.102947630269762,-0.226619901606359,10,6,0,0.625,38,0.6,5,2001,"AFC",NA
"CHI",6.51162790697675,0.0682788051209104,0.119487908961593,97.8411719352352,0.0292598967297762,0.951807228915663,"Jim Miller","Dick Jauron",-0.0349524365988716,581,-0.096403158310408,480,-0.013335248421668,1316,-0.122740469264763,-0.0845529114893715,-0.267997132682142,13,3,0,0.8125,135,0.8,2,2001,"NFC",NA
"GB",7.00301204819278,0.0751445086705202,0.134393063583815,97.1864951768489,0.0381944444444444,0.939236111111111,"Brett Favre","Mike Sherman",0.196194843278132,576,-0.149282572734701,405,0.0546139200426336,1264,-0.0650896725513187,-0.114124100463473,-0.0942401774965821,12,4,0,0.75,124,0.8,4,2001,"NFC",NA
"MIA",4.92454328832407,0.0658362989323843,0.110320284697509,95.8162428219852,0.050185873605948,0.905204460966543,"Jay Fiedler","Dave Wannstedt",0.0678574316931256,538,-0.130855979360399,444,0.0146705018658375,1240,-0.0301540617492618,0.005694286552199,-0.122151357870905,11,5,0,0.6875,54,0.6,3,2001,"AFC",NA
"NE",5.84166026133744,0.0629800307219662,0.116743471582181,93.5458786936236,0.0824372759856631,0.851254480286738,"Tom Brady","Bill Belichick",0.0573134872214479,558,-0.10676693762908,478,0.0248137537784809,1305,-0.0546833229310983,-0.0514352991840824,-0.118608435054466,11,5,0,0.6875,99,1,2,2001,"AFC","SB Winner"
"NYJ",4.82115085536549,0.0558375634517767,0.104906937394247,97.1452560873216,0.0368932038834951,0.933980582524272,"Vinny Testaverde","Herm Edwards",0.00726573806810233,515,-0.0792132661672408,444,-0.0145671686250718,1213,-0.0281346083537617,-0.0421155523106882,-0.0543986360998213,10,6,0,0.625,13,0.6,6,2001,"AFC",NA
"PHI",6.29685157421289,0.072933549432739,0.13614262560778,94.1129673826571,0.062992125984252,0.883464566929134,"Donovan McNabb","Andy Reid",0.0309785019440844,635,-0.150591167240176,368,0.016103005910408,1275,-0.0883529245576594,-0.0933864809501615,-0.146849391058642,11,5,0,0.6875,135,0.8,5,2001,"NFC","Conf Runner-up"
"PIT",8.7102177554439,0.0867507886435331,0.16403785488959,95.4545454545455,0.0562613430127042,0.891107078039927,"Kordell Stewart","Bill Cowher",0.156773658933054,551,-0.0393749906095799,552,0.0471606035050859,1335,-0.108670167902704,-0.114089520691584,-0.213118769087755,13,3,0,0.8125,140,0.8,1,2001,"AFC","Conf Runner-up"
"SF",4.61416070007957,0.0493827160493827,0.0895061728395062,96.2149886449659,0.0434782608695652,0.916387959866221,"Jeff Garcia","Steve Mariucci",0.173281525939275,598,-0.00278482200974909,471,0.0854403458075371,1339,-0.017011220946041,0.00153906554799682,-0.163969079491965,12,4,0,0.75,127,0.6,3,2001,"NFC",NA
"TB",6.33744855967078,0.0719178082191781,0.131849315068493,93.1732933233309,0.0690161527165932,0.866372980910426,"Brad Johnson","Tony Dungy",0.0113568232547199,681,-0.0823558667761037,397,-0.00429727618641222,1348,-0.0445344178824545,-0.0522316149635703,-0.128607166967365,9,7,0,0.5625,44,0.6,6,2001,"NFC",NA
"ATL",6.72853828306265,0.0753205128205128,0.139423076923077,95.1528709917972,0.0588235294117647,0.893790849673203,"Michael Vick","Dan Reeves",0.0946593566318774,612,-0.0414439031461004,460,0.044769869529453,1358,-0.0327783572079271,-0.0189734513051817,-0.087912365069625,9,6,1,0.5625,88,0.4,6,2002,"NFC",NA
"CLE",3.63777089783281,0.0477001703577513,0.0800681431005111,95.0794852384557,0.0540958268933539,0.899536321483771,"Tim Couch","Butch Davis",0.0528241812169885,647,-0.0677641662399833,399,0.0178804467493137,1340,-0.0198964000765058,-0.00171269510844672,-0.0587288775285097,9,7,0,0.5625,24,0.6,5,2002,"AFC",NA
"GB",5.56844547563806,0.0667701863354037,0.111801242236025,96.5364775239499,0.0415384615384615,0.927692307692308,"Brett Favre","Mike Sherman",0.0721802735924458,650,-0.0832267495724493,440,0.0204735988787362,1380,-0.0363845707457136,-0.0990484618014767,-0.0420747708809114,12,4,0,0.75,70,0.8,3,2002,"NFC",NA
"IND",4.70494417862841,0.0636042402826855,0.104240282685512,96.8349660889224,0.0347957639939486,0.936459909228442,"Peyton Manning","Tony Dungy",0.112482823161097,661,-0.138916657785934,410,0.0161506805318279,1348,-0.0407476305741559,-0.0709408263780066,-0.0546017129496578,10,6,0,0.625,36,0.6,4,2002,"AFC",NA
"NYG",5.20504731861199,0.0577223088923557,0.102964118564743,96.6545454545455,0.0378548895899054,0.927444794952681,"Kerry Collins","Jim Fassel",0.150134374402379,634,-0.178147387993097,490,0.000542408868784086,1398,-0.035297705244171,0.00928251366288165,-0.164518487312326,10,6,0,0.625,41,0.8,4,2002,"NFC",NA
"NYJ",4.49264136328427,0.0477707006369427,0.0923566878980892,94.8653198653198,0.0581818181818182,0.889090909090909,"Chad Pennington","Herm Edwards",0.135121770522187,550,-0.052384650335936,392,0.0797769814603951,1208,0.011610479714035,0.0816398617120132,-0.120613756661034,9,7,0,0.5625,23,0.6,6,2002,"AFC",NA
"PHI",7.57002271006812,0.0808080808080808,0.144300144300144,95.0589970501475,0.0544629349470499,0.898638426626324,"Donovan McNabb","Andy Reid",0.0392521761223453,661,-0.0408327160731136,438,0.0375098869974173,1371,-0.131546722106184,-0.133528273723064,-0.258208949687339,12,4,0,0.75,174,0.8,1,2002,"NFC","Conf Runner-up"
"PIT",7.37577639751552,0.072992700729927,0.138686131386861,95.3136265320836,0.0528771384136858,0.89891135303266,"Tommy Maddox","Bill Cowher",0.0780249870700773,643,-0.0750055490551422,493,0.0310887429746025,1410,-0.0332447351761145,-0.048619022556268,-0.163220519626946,10,5,1,0.625,45,0.8,3,2002,"AFC",NA
"SF",4.73933649289101,0.050314465408805,0.0943396226415094,96.9140337986774,0.0331325301204819,0.936746987951807,"Jeff Garcia","Steve Mariucci",0.15805721191381,664,0.00791533377727474,434,0.057795921289705,1375,0.0478576712682261,0.135445642979635,-0.108004793520428,10,6,0,0.625,16,0.6,5,2002,"NFC",NA
"TB",5.99520383693046,0.0715474209650582,0.124792013311148,94.4317315026697,0.0622154779969651,0.889226100151745,"Brad Johnson","Jon Gruden",0.0209402192265481,659,-0.14633395441692,397,-0.0246441857553196,1330,-0.153276434284058,-0.290458418984598,-0.0756830674255356,12,4,0,0.75,150,0.6,2,2002,"NFC","SB Winner"
"TEN",6.02975724353955,0.0594353640416048,0.114413075780089,97.0970206264324,0.0354131534569983,0.935919055649241,"Steve McNair","Jeff Fisher",0.147053796403869,593,-0.093886874665295,466,0.0265977925438521,1330,-0.0256193326037568,0.0598432738536379,-0.219799834064865,11,5,0,0.6875,43,1,2,2002,"AFC","Conf Runner-up"
"BAL",3.55555555555556,0.0783034257748776,0.0783034257748776,96.8586387434555,0.0813953488372093,0.918604651162791,"Kyle Boller","Brian Billick",-0.105021334221669,516,-0.0754258814345815,524,-0.0485563403932244,1362,-0.146907295663716,-0.181514296037433,-0.209945936828713,10,6,0,0.625,110,0.8,5,2003,"AFC",NA
"CAR",2.97256097560975,0.0625,0.0625,98.0213089802131,0.0490566037735849,0.950943396226415,"Jake Delhomme","John Fox",-0.0133981278893725,530,-0.133252614260614,513,-0.0506308404638845,1342,-0.0630950624306711,-0.00449505766275507,-0.186172964548661,11,5,0,0.6875,21,0.6,3,2003,"NFC","SB Runner-up"
"DAL",2.74858528698464,0.0600706713780919,0.0600706713780919,97.2713864306785,0.0618729096989967,0.938127090301003,"Quincy Carter","Bill Parcells",-0.0531863478477186,598,-0.123283990605967,484,-0.0539926098525878,1384,-0.076375809077272,-0.106608984531535,-0.144924630845261,10,6,0,0.625,29,0.4,6,2003,"NFC",NA
"DEN",2.94599018003273,0.0617495711835334,0.0617495711835334,98.1604120676968,0.0448833034111311,0.955116696588869,"Jake Plummer","Mike Shanahan",0.0428193891316858,557,0.0489607324210764,526,0.0206436915926569,1392,-0.0418159633898242,-0.0478970131526153,-0.110923251137233,10,6,0,0.625,80,0.8,6,2003,"AFC",NA
"GB",2.61976047904191,0.0514705882352941,0.0514705882352941,98.5294117647059,0.0361904761904762,0.963809523809524,"Brett Favre","Mike Sherman",0.129747849401478,525,0.0011199830008062,509,0.0724795859082384,1323,-0.0342551851919908,-0.0705770110359164,-0.0865218688629297,10,6,0,0.625,135,0.8,4,2003,"NFC",NA
"IND",2.52032520325203,0.0598455598455598,0.0598455598455598,98.4973703981968,0.0316455696202532,0.968354430379747,"Peyton Manning","Tony Dungy",0.212485369521926,632,-0.0624252942261468,440,0.109820402818792,1363,0.0257809914918082,-0.0232995735855861,0.0324578449568073,12,4,0,0.75,111,0.6,3,2003,"AFC","Conf Runner-up"
"KC",2.66469282013324,0.05625,0.05625,98.4532095901005,0.0332778702163062,0.966722129783694,"Trent Green","Dick Vermeil",0.157321882641634,601,0.0690396985306641,423,0.127554566800157,1314,0.00415760644839751,-0.0243309555636909,0.00648298152886666,13,3,0,0.8125,152,0.6,2,2003,"AFC",NA
"NE",2.92825768667642,0.0563380281690141,0.0563380281690141,97.6243504083148,0.0532445923460899,0.94675540765391,"Tom Brady","Bill Belichick",0.0482038707911435,601,-0.160827264638584,462,-0.0357656117579959,1373,-0.116838420997096,-0.169233647393958,-0.136990538236832,14,2,0,0.875,110,1,1,2003,"AFC","SB Winner"
"PHI",2.83842794759826,0.06,0.06,96.5406275140788,0.0707236842105263,0.929276315789474,"Donovan McNabb","Andy Reid",0.0620859950138043,608,0.0192253530914558,373,0.0437026660595976,1270,-0.0275277473493065,-0.0434928988981313,-0.0153759895976537,12,4,0,0.75,87,0.8,2,2003,"NFC","Conf Runner-up"
"SEA",3.06793279766252,0.0626865671641791,0.0626865671641791,96.7024539877301,0.070607553366174,0.929392446633826,"Matt Hasselbeck","Mike Holmgren",0.148337965180743,609,-0.039070544123641,441,0.0686030711477327,1335,0.00174617014149599,0.0713186926181285,-0.139799716085364,10,6,0,0.625,77,0.6,5,2003,"NFC",NA
"TEN",3.04243394715773,0.0599369085173502,0.0599369085173502,98.0122324159021,0.0459363957597173,0.954063604240283,"Steve McNair","Jeff Fisher",0.213862780869794,566,-0.166716153772948,466,0.0467984708621607,1336,-0.0425192438592524,-0.0683741195300755,-0.115080393092694,12,4,0,0.75,111,0.6,4,2003,"AFC",NA
"ATL",3.65575019040365,0.0784313725490196,0.0784313725490196,96.0956175298805,0.0879712746858169,0.912028725314183,"Michael Vick","Jim Mora",-0.0471827014088583,557,-0.0143937488861438,441,-0.0155859679519058,1289,-0.0205990539767554,0.00430318762150725,-0.0654200476746546,11,5,0,0.6875,3,0.4,2,2004,"NFC","Conf Runner-up"
"DEN",3.09194467046379,0.0659722222222222,0.0659722222222222,98.75,0.0280528052805281,0.971947194719472,"Jake Plummer","Mike Shanahan",0.153786496137852,606,-0.0563372108929341,498,0.0344345221475661,1390,-0.0222604279169104,-0.0354074228327003,-0.126404169838722,10,6,0,0.625,77,0.6,5,2004,"AFC",NA
"GB",3.08404009252122,0.0641025641025641,0.0641025641025641,98.9614243323442,0.0217054263565891,0.978294573643411,"Brett Favre","Mike Sherman",0.244157687040568,645,-0.0854931176880763,432,0.110036159560195,1368,0.0758902204405362,0.161114220324651,-0.0436408800093494,10,6,0,0.625,44,0.6,3,2004,"NFC",NA
"IND",3.36574420344054,0.0697674418604651,0.0697674418604651,98.9197530864198,0.0239316239316239,0.976068376068376,"Peyton Manning","Tony Dungy",0.411755179717219,585,-0.00280892353631831,414,0.181134886502518,1327,0.0539405095252449,0.105896794240431,-0.071850583011589,12,4,0,0.75,171,0.8,3,2004,"AFC",NA
"MIN",2.98165137614679,0.0619047619047619,0.0619047619047619,96.5089216446858,0.0652173913043478,0.934782608695652,"Daunte Culpepper","Mike Tice",0.287195440601691,690,-0.0930716383365225,331,0.10836574562733,1318,0.103026268162683,0.187071616307976,-0.0129607732884926,8,8,0,0.5,10,0.2,5,2004,"NFC",NA
"NE",3.57142857142857,0.0708782742681048,0.0708782742681048,98.007662835249,0.0477941176470588,0.952205882352941,"Tom Brady","Bill Belichick",0.227695169059561,544,-0.0364839672978648,508,0.103677613665921,1341,-0.0436854275586713,-0.0511801967934737,-0.151451410564008,14,2,0,0.875,177,0.8,2,2004,"AFC","SB Winner"
"NYJ",2.8594122319301,0.0622837370242214,0.0622837370242214,97.5279106858054,0.060077519379845,0.939922480620155,"Chad Pennington","Herm Edwards",0.0168901217102887,516,0.0559830190374073,503,0.0394036553227115,1281,-0.0236598623870109,0.0523297063247779,-0.184693678619466,10,6,0,0.625,72,0.4,6,2004,"AFC",NA
"PHI",3.42066957787481,0.0716463414634146,0.0716463414634146,97.184231697506,0.054773082942097,0.945226917057903,"Donovan McNabb","Andy Reid",0.139441814513614,639,-0.0601827800507951,340,0.0717086130933109,1274,-0.0330880969539408,-0.00585450975457406,-0.0603881115072842,13,3,0,0.8125,126,0.6,1,2004,"NFC","SB Runner-up"
"PIT",3.59897172236505,0.0735551663747811,0.0735551663747811,97.2071373157486,0.0801781737193764,0.919821826280624,"Ben Roethlisberger","Bill Cowher",0.133324151456956,449,-0.0277240580359066,569,0.0381311703043147,1327,-0.0627347521051896,-0.119171487085983,-0.15411333894567,15,1,0,0.9375,121,1,1,2004,"AFC","Conf Runner-up"
"SEA",2.7006751687922,0.0568720379146919,0.0568720379146919,97.5243810952738,0.0542763157894737,0.945723684210526,"Matt Hasselbeck","Mike Holmgren",0.0919393794380341,608,-0.0402750970591802,444,0.0286054289253464,1363,0.0294053231130524,0.0101479949568336,-0.0103821126557623,9,7,0,0.5625,-2,0.6,4,2004,"NFC",NA
"CAR",3.3976833976834,0.07085346215781,0.07085346215781,97.8278358809332,0.0512333965844402,0.94876660341556,"Jake Delhomme","John Fox",0.122600686976922,527,-0.116250704683604,469,0.040969711618853,1275,-0.071053900939847,-0.0522345474414997,-0.213181222149923,11,5,0,0.6875,132,0.6,2,2005,"NFC","Conf Runner-up"
"CHI",2.99177262528048,0.0625,0.0625,97.4652493867539,0.0643153526970954,0.935684647302905,"Kyle Orton","Lovie Smith",-0.146834436314052,482,-0.12876348031745,477,-0.10796231086693,1245,-0.142304661941373,-0.186906694466573,-0.136122981653062,11,5,0,0.6875,58,0.6,4,2005,"NFC",NA
"CIN",2.32371794871795,0.05,0.05,98.3371126228269,0.0361842105263158,0.963815789473684,"Carson Palmer","Marvin Lewis",0.16023069980628,608,0.0231046920858321,440,0.0968915163172653,1346,0.0435418094695792,0.0375717353274006,-0.0226280433953457,11,5,0,0.6875,71,0.6,5,2005,"AFC",NA
"DEN",2.20868240670221,0.041726618705036,0.041726618705036,98.1481481481482,0.0451977401129944,0.954802259887006,"Jake Plummer","Mike Shanahan",0.111107298052962,531,0.0671758744138336,522,0.080582071582726,1326,-0.0294477088199118,-0.0322582351124454,-0.0915884333126412,13,3,0,0.8125,137,0.8,2,2005,"AFC","Conf Runner-up"
"IND",3.63489499192246,0.0760135135135135,0.0760135135135135,98.4227129337539,0.034965034965035,0.965034965034965,"Peyton Manning","Tony Dungy",0.337267284606976,572,-0.00709735181298086,443,0.13331506505907,1297,-0.0246917784929129,-0.0498310884121807,-0.0742157021188624,14,2,0,0.875,192,0.6,1,2005,"AFC",NA
"JAX",3.61067503924646,0.0789022298456261,0.0789022298456261,97.4416854778029,0.0594405594405594,0.94055944055944,"Byron Leftwich","Jack Del Rio",0.112858387819177,572,-0.0771002620940887,472,0.0204953891217164,1352,-0.0617827182840122,-0.0330582381023882,-0.112187443348441,12,4,0,0.75,92,0.8,3,2005,"AFC",NA
"NE",2.44088482074753,0.0522022838499184,0.0522022838499184,97.910447761194,0.0443740095087163,0.955625990491284,"Tom Brady","Bill Belichick",0.180538610294941,631,-0.0802042260124296,436,0.0848684720297707,1362,0.0520940866887143,0.119682459157344,-0.0924037392550569,10,6,0,0.625,41,0.8,6,2005,"AFC",NA
"NYG",2.91400142146411,0.0608308605341246,0.0608308605341246,98.0659025787966,0.0416024653312789,0.958397534668721,"Eli Manning","Tom Coughlin",0.0886164529364759,649,-0.0231918531161603,457,0.0521824108405007,1429,-0.0293669931462173,0.0224788041840258,-0.161423534298172,11,5,0,0.6875,108,0.8,3,2005,"NFC",NA
"PIT",3.671875,0.0740157480314961,0.0740157480314961,97.444089456869,0.0701754385964912,0.929824561403509,"Ben Roethlisberger","Bill Cowher",0.20153802794171,456,-0.0669510036153365,534,0.0548190820767872,1277,-0.0501323301481992,-0.0498313605907358,-0.142647401780753,11,5,0,0.6875,131,0.8,4,2005,"AFC","SB Winner"
"SEA",3.57925493060629,0.0728083209509658,0.0728083209509658,98.036253776435,0.0471014492753623,0.952898550724638,"Matt Hasselbeck","Mike Holmgren",0.20547123205765,552,0.1003430075278,496,0.116129840808039,1357,-0.0234201474153184,0.043242363548282,-0.189020872702241,13,3,0,0.8125,181,0.8,1,2005,"NFC","SB Runner-up"
"TB",2.84321689683184,0.0616197183098592,0.0616197183098592,96.8992248062016,0.0714285714285714,0.928571428571429,"Chris Simms","Jon Gruden",-0.0640146379448168,560,-0.0659067416943124,446,-0.0376129337717608,1318,-0.0567109155275362,-0.033352734975137,-0.181281997684927,11,5,0,0.6875,26,0.8,5,2005,"NFC",NA
"WAS",2.71950271950272,0.0564516129032258,0.0564516129032258,97.6744186046512,0.0551601423487545,0.944839857651246,"Mark Brunell","Joe Gibbs",0.100216735027407,562,-0.0828846267097551,504,0.0261144430794643,1364,-0.0252298125578466,-0.0327476907037189,-0.0938093235025442,10,6,0,0.625,66,1,6,2005,"NFC",NA
"BAL",13.4266886326194,0.0988467874794069,0.268533772652389,93.8271604938271,0.0293609671848014,0.861830742659758,"Steve McNair","Brian Billick",0.105983250581753,579,-0.175562735200931,435,-0.019385997588087,1327,-0.152529073912736,-0.190807849667837,-0.262430588090085,13,3,0,0.8125,152,0.8,2,2006,"AFC",NA
"CHI",8.30882352941174,0.058282208588957,0.173312883435583,93.7685459940653,0.0424778761061947,0.851327433628319,"Rex Grossman","Lovie Smith",-0.0393482216047438,565,-0.0541036911405483,496,-0.0235888726935309,1376,-0.160128508666998,-0.178215333614372,-0.168645975427601,13,3,0,0.8125,172,0.8,1,2006,"NFC","SB Runner-up"
"DAL",6.83624801271861,0.0564784053156146,0.142857142857143,92.6096997690531,0.0610561056105611,0.841584158415842,"Tony Romo","Bill Parcells",0.143173276474247,606,-0.021197962302021,447,0.0564006632858683,1325,-0.00694566598229332,0.0340888207156544,-0.0749203448147556,9,7,0,0.5625,75,0.4,4,2006,"NFC",NA
"IND",6.26016260162602,0.0518672199170125,0.159751037344398,95.46875,0.0250836120401338,0.903010033444816,"Peyton Manning","Tony Dungy",0.293241390592103,598,-0.0434247093877121,426,0.11476315914917,1305,0.0635620847277935,0.0560216844202415,0.0817076068640582,12,4,0,0.75,67,0.4,4,2006,"AFC","SB Winner"
"KC",6.65622552858261,0.0562390158172232,0.149384885764499,92.3622047244094,0.0788461538461538,0.813461538461538,"Damon Huard","Herm Edwards",0.0324760415733443,520,-0.0501995393292865,496,0.00528943990175711,1294,-0.00775352188189303,0.023337176883823,-0.0602936253820466,9,7,0,0.5625,16,0.4,6,2006,"AFC",NA
"NE",11.2903225806451,0.0713101160862355,0.232172470978441,93.1921331316187,0.0484140233722871,0.84974958263773,"Tom Brady","Bill Belichick",0.120911378338017,599,-0.00743602676176175,463,0.0371380799011578,1355,-0.0849839108698926,-0.0602317087268352,-0.153677467092683,12,4,0,0.75,148,0.8,3,2006,"AFC","Conf Runner-up"
"NO",10.4918032786885,0.0687160940325497,0.231464737793852,94.2689199118295,0.0361067503924647,0.877551020408163,"Drew Brees","Sean Payton",0.160270158955614,637,-0.0488878662670312,445,0.0480892928140082,1385,-0.0280819695954076,-0.00611308946552092,-0.0665085251649865,10,6,0,0.625,91,0.6,2,2006,"NFC","Conf Runner-up"
"NYG",7.1001494768311,0.0490045941807044,0.145482388973966,94.5384615384615,0.0431778929188256,0.877374784110535,"Eli Manning","Tom Coughlin",-0.0190200331290649,579,-0.0191462820813324,454,-0.026152611308395,1334,-0.022505597282193,0.0315754498849859,-0.127062273637345,8,8,0,0.5,-7,0.4,6,2006,"NFC",NA
"NYJ",6.86427457098283,0.0586264656616415,0.147403685092127,93.3073929961089,0.0584070796460177,0.847787610619469,"Chad Pennington","Eric Mangini",0.0565749878298595,565,-0.109842614787778,472,0.0100220407667783,1313,-0.00818209310559241,-0.0485285535445291,0.0234950379224349,10,6,0,0.625,21,0.8,5,2006,"AFC",NA
"PHI",7.91208791208793,0.0646203554119548,0.174474959612278,93.7205651491366,0.0448,0.872,"Donovan McNabb","Andy Reid",0.118742364965241,625,-0.0491908824443273,376,0.0168802024480236,1299,-0.0381053139861702,-0.0589871600985016,-0.0796266454509434,10,6,0,0.625,70,1,3,2006,"NFC",NA
"SEA",7.92307692307693,0.0726643598615917,0.178200692041523,91.0170749814402,0.080672268907563,0.796638655462185,"Matt Hasselbeck","Mike Holmgren",-0.0288130697950115,595,-0.13023193032159,477,-0.0527759587088665,1369,-0.0472825832941586,-0.00150596306980918,-0.0768688321926246,9,7,0,0.5625,-6,0.4,5,2006,"NFC",NA
"DAL",9.53846153846154,0.0701219512195122,0.189024390243902,94.8859166011015,0.0435510887772194,0.891122278056951,"Tony Romo","Wade Phillips",0.227554284763305,597,-0.0708226685311762,400,0.094741193482909,1297,-0.0131837921798857,-0.00144629242283325,-0.110792467222517,13,3,0,0.8125,130,0.6,2,2007,"NFC",NA
"GB",8.42824601366743,0.0562700964630225,0.178456591639871,94.344069128044,0.0302066772655008,0.885532591414944,"Brett Favre","Mike McCarthy",0.183504270857044,629,-0.109088068855484,372,0.0804355114594012,1301,-0.0421084461781158,-0.026309578280323,-0.0845781664533483,13,3,0,0.8125,144,0.6,1,2007,"NFC","Conf Runner-up"
"IND",6.27546862265689,0.048951048951049,0.134615384615385,93.9512961508248,0.0385906040268456,0.870805369127517,"Peyton Manning","Tony Dungy",0.223492599896582,596,0.0254512466627146,435,0.104281505962248,1302,-0.0550367250601953,-0.0710583859154875,-0.107521617313435,13,3,0,0.8125,188,0.8,2,2007,"AFC",NA
"JAX",8.03571428571428,0.0588235294117647,0.157392686804452,92.5117004680187,0.055045871559633,0.823853211009174,"David Garrard","Jack Del Rio",0.191257439307246,545,0.016763366594134,488,0.0826524494647254,1308,-0.0150227568743658,-0.0142589269422346,-0.0741047825310649,11,5,0,0.6875,107,0.6,4,2007,"AFC",NA
"NE",10.3588907014682,0.0778145695364238,0.210264900662252,94.1397445529677,0.0321592649310873,0.880551301684533,"Tom Brady","Bill Belichick",0.422303566354676,653,0.0038006161487927,426,0.213978785416016,1362,-0.0436476536470263,-0.11884932599189,-0.0110444804910475,16,0,0,1,315,1,1,2007,"AFC","SB Runner-up"
"NYG",10.9133126934984,0.0851063829787234,0.230769230769231,93.928035982009,0.0462046204620462,0.866336633663366,"Eli Manning","Tom Coughlin",-0.0624471799881657,606,-0.00808477424685921,457,-0.0124956929864908,1359,-0.0311958287306345,-0.00764528964578138,-0.150026311513799,10,6,0,0.625,22,0.6,4,2007,"NFC","SB Winner"
"PIT",7.91426215993408,0.0597014925373134,0.159203980099502,91.6331456154465,0.0893536121673004,0.802281368821293,"Ben Roethlisberger","Mike Tomlin",0.19984156288237,526,-0.0995811071806246,477,0.0659205239954766,1263,-0.045987581177566,-0.0654562844479722,-0.132825544683914,10,6,0,0.625,124,0.4,5,2007,"AFC",NA
"SEA",9.56973293768548,0.0681818181818182,0.195454545454545,92.2155688622754,0.0548780487804878,0.841463414634146,"Matt Hasselbeck","Mike Holmgren",0.106633229755226,656,-0.157553774528386,405,0.00213665661103102,1363,-0.082996229546531,-0.085582549846071,-0.177919865984406,10,6,0,0.625,102,0.6,3,2007,"NFC",NA
"TB",7.82889426957224,0.0576576576576577,0.174774774774775,91.4125200642055,0.0625,0.814236111111111,"Jeff Garcia","Jon Gruden",0.0596281389108593,576,-0.100138734415607,405,-0.0153743456290972,1270,-0.0761793363386369,-0.0800223952635927,-0.120350007985894,9,7,0,0.5625,64,0.4,5,2007,"NFC",NA
"TEN",10.840534171249,0.0605590062111801,0.214285714285714,93.725793958172,0.0537634408602151,0.854838709677419,"Vince Young","Jeff Fisher",-0.00295615716232516,558,-0.138820527814494,484,-0.041688927731525,1317,-0.0502521327755579,-0.0767023641722662,-0.0780759611714739,10,6,0,0.625,4,0.8,6,2007,"AFC",NA
"WAS",6.64150943396226,0.04644412191582,0.127721335268505,92.9110105580694,0.0472972972972973,0.841216216216216,"Jason Campbell","Joe Gibbs",0.0867274072629438,592,-0.198718066246901,475,-0.0251739230106401,1355,-0.0450716546660593,-0.00872269684738587,-0.118879520776898,9,7,0,0.5625,24,0.8,6,2007,"NFC",NA
"ARI",7.56756756756756,0.0521885521885522,0.164983164983165,90.6491499227202,0.0405797101449275,0.82463768115942,"Kurt Warner","Ken Whisenhunt",0.137555126207143,690,-0.135997020806245,330,0.0315736237166772,1320,0.0253831638939825,0.101994374469191,-0.077764230839615,9,7,0,0.5625,1,0.4,6,2008,"NFC","SB Runner-up"
"ATL",7.07070707070706,0.0550161812297735,0.147249190938511,95.9783449342614,0.0348360655737705,0.89344262295082,"Matt Ryan","Mike Smith",0.163411570168361,488,-0.020992997334507,537,0.0667827172590177,1320,0.0108820221999891,0.0501498073241428,-0.0425967586659924,11,5,0,0.6875,66,0.8,3,2008,"NFC",NA
"BAL",9.48487326246934,0.0572831423895254,0.189852700490998,93.841642228739,0.0674603174603175,0.833333333333333,"Joe Flacco","John Harbaugh",-0.00530188353163471,504,-0.0271619941231422,569,-0.0222758788421535,1397,-0.156700647308642,-0.206594766714838,-0.236121950262972,11,5,0,0.6875,141,0.8,4,2008,"AFC","Conf Runner-up"
"CAR",6.32054176072235,0.0591054313099042,0.134185303514377,95.7826439578265,0.0440528634361234,0.885462555066079,"Jake Delhomme","John Fox",0.0727124653395487,454,0.0609763140393348,490,0.0475010332784005,1257,-0.0256384542074135,-0.0255263123266906,-0.0441612640426718,12,4,0,0.75,85,0.8,2,2008,"NFC",NA
"IND",6.67209113100079,0.0561594202898551,0.148550724637681,94.728304947283,0.0224358974358974,0.895833333333333,"Peyton Manning","Tony Dungy",0.231287830181168,624,-0.0840074180793366,360,0.0836911960887269,1257,0.0184295497592508,-0.00360934305580368,-0.0219210597817246,12,4,0,0.75,79,1,3,2008,"AFC",NA
"MIA",8.05422647527911,0.0640625,0.1578125,94.566098945661,0.0447761194029851,0.875,"Chad Pennington","Tony Sparano",0.18141095397601,536,-0.0386338673226502,428,0.0577868569582738,1266,0.038856034408242,0.0315957528385334,-0.0300157901482236,11,5,0,0.6875,28,1,5,2008,"AFC",NA
"MIN",10.2523659305993,0.0723472668810289,0.209003215434084,90.3448275862069,0.0816326530612245,0.766233766233766,"Gus Frerotte","Brad Childress",-0.00119093176365451,539,-0.0811666863223341,502,-0.0489084783494541,1329,-0.0880406756161386,-0.0398384830181048,-0.227236763347318,10,6,0,0.625,46,0.8,4,2008,"NFC",NA
"NYG",8.89967637540453,0.0731292517006803,0.187074829931973,93.4897804693414,0.0498220640569395,0.846975088967971,"Eli Manning","Tom Coughlin",0.129085660656598,562,0.0505377492354915,492,0.0883328517323802,1350,-0.0225791009904029,-0.0245353286329842,-0.102574953220467,12,4,0,0.75,133,0.4,1,2008,"NFC",NA
"PHI",9.04214559386973,0.0790774299835255,0.194398682042834,94.4569288389513,0.0358744394618834,0.889387144992526,"Donovan McNabb","Andy Reid",0.0392752234682236,669,-0.0553764907872235,389,0.000202415287276483,1364,-0.100481608020399,-0.171629825234155,-0.138274940741507,9,6,1,0.5625,127,0.8,5,2008,"NFC","Conf Runner-up"
"PIT",9.77564102564102,0.082258064516129,0.196774193548387,90.527950310559,0.0846023688663283,0.793570219966159,"Ben Roethlisberger","Mike Tomlin",0.0204241218935644,591,-0.102624564656534,440,-0.0258919870969887,1320,-0.13493059110861,-0.195495848472996,-0.181993213021648,12,4,0,0.75,124,0.8,2,2008,"AFC","SB Winner"
"TEN",10.6015037593985,0.0668693009118541,0.214285714285714,96.4,0.0238568588469185,0.910536779324056,"Kerry Collins","Jeff Fisher",0.0390592577972652,503,-0.0443604590411146,485,0.00348087647509948,1277,-0.108474232865385,-0.132799616409093,-0.0887616951213342,13,3,0,0.8125,141,0.6,1,2008,"AFC",NA
"ARI",8.46441947565543,0.0634218289085546,0.166666666666667,91.4263445050663,0.0399385560675883,0.831029185867896,"Kurt Warner","Ken Whisenhunt",0.0373507702896935,651,-0.142919566507323,349,-0.00843756844161668,1318,-0.0483657989050414,-0.0345036265205327,-0.0628369265033975,10,6,0,0.625,50,0.6,6,2009,"NFC",NA
"BAL",6.99844479004664,0.0521172638436482,0.146579804560261,91.9230769230769,0.0626057529610829,0.822335025380711,"Joe Flacco","John Harbaugh",0.0781577785156047,591,0.0315317376978889,453,0.0441685922059646,1327,-0.061723551065134,-0.0460735207937742,-0.146215187181974,9,7,0,0.5625,130,0.6,5,2009,"AFC",NA
"CIN",8.11455847255373,0.0560131795716639,0.168039538714992,93.7925813777441,0.052536231884058,0.851449275362319,"Carson Palmer","Marvin Lewis",0.0357362192932648,552,-0.0792482589499559,492,-0.0364274374418256,1349,-0.0513998027582698,-0.0425422980799979,-0.0897831583605332,10,6,0,0.625,14,0.4,4,2009,"AFC",NA
"DAL",10.3125,0.0629685157421289,0.197901049475262,91.7241379310345,0.0544871794871795,0.826923076923077,"Tony Romo","Wade Phillips",0.176110979943132,624,-0.0388440600603195,422,0.0510167230940361,1327,-0.0413919776335112,0.0206899340943397,-0.146007816122649,11,5,0,0.6875,111,0.6,4,2009,"NFC",NA
"GB",9.84787830264211,0.0592,0.1968,89.7913561847988,0.0758725341426404,0.792109256449165,"Aaron Rodgers","Mike McCarthy",0.213407139902196,659,-0.0183220096643304,412,0.0636541616624742,1372,-0.0813306479746979,-0.0914311713912272,-0.242333842558733,11,5,0,0.6875,164,0.8,3,2009,"NFC",NA
"IND",7.89085545722717,0.0526315789473684,0.165634674922601,95.6972111553785,0.0201238390092879,0.91640866873065,"Peyton Manning","Jim Caldwell",0.238809271807805,646,-0.0798132487876528,358,0.080663797259217,1289,-0.0107141031947521,-0.0253990257821544,-0.0481776993424332,14,2,0,0.875,109,0.6,1,2009,"AFC","SB Runner-up"
"MIN",11.1910471622702,0.0759289176090469,0.226171243941842,91.5565345080764,0.0544871794871795,0.815705128205128,"Brett Favre","Brad Childress",0.238782743768508,624,-0.131446511437634,448,0.0706716054749886,1389,-0.0598463838037099,0.00352657819122847,-0.217064778738019,12,4,0,0.75,158,0.4,2,2009,"NFC","Conf Runner-up"
"NE",7.89473684210527,0.0543859649122807,0.168421052631579,93.7454010301692,0.0273141122913505,0.871016691957511,"Tom Brady","Bill Belichick",0.220762288381009,659,-0.0332243810448907,453,0.07562961116394,1385,-0.0383361993763274,0.00893553573600529,-0.0903461512860244,10,6,0,0.625,142,0.6,3,2009,"AFC",NA
"NO",8.53293413173653,0.05625,0.178125,94.8601662887377,0.0353535353535354,0.885521885521885,"Drew Brees","Sean Payton",0.229267318474634,594,-0.0284470146470984,458,0.0960779991638603,1353,-0.0390727467259651,-0.0979594447226666,0.025391808461804,13,3,0,0.8125,169,0.4,1,2009,"NFC","SB Winner"
"NYJ",7.91999999999999,0.0558464223385689,0.172774869109948,94.2989214175655,0.0656455142231947,0.838074398249453,"Mark Sanchez","Rex Ryan",-0.151333669288038,457,0.0113944209257841,586,-0.0488939524287395,1330,-0.146965205726107,-0.220648116147914,-0.10290855953082,9,7,0,0.5625,112,0.8,6,2009,"AFC","Conf Runner-up"
"PHI",8.35164835164836,0.0648967551622419,0.168141592920354,92.7956147220047,0.0625,0.85625,"Donovan McNabb","Andy Reid",0.0894223361793771,640,-0.028478198794859,352,0.0236251920703297,1302,-0.0492033527837891,-0.0364099579191963,-0.142276944496512,11,5,0,0.6875,92,0.8,5,2009,"NFC",NA
"ATL",6.99013157894737,0.0494417862838915,0.135566188197767,93.9524838012959,0.0345864661654135,0.873684210526316,"Matt Ryan","Mike Smith",0.1622617672813,665,-0.065926475613429,473,0.0575828173273739,1425,-0.043478135357776,0.0140469925055673,-0.147164487816766,13,3,0,0.8125,126,0.8,1,2010,"NFC",NA
"BAL",6.73813169984686,0.0405405405405405,0.132132132132132,91.3010590015128,0.0696864111498258,0.799651567944251,"Joe Flacco","John Harbaugh",0.132878030272495,574,-0.102001141190825,464,0.0320849210837444,1348,-0.03864972012864,0.000328114774541302,-0.137531987156705,12,4,0,0.75,87,0.8,3,2010,"AFC",NA
"CHI",7.92917628945341,0.051051051051051,0.154654654654655,88.4615384615385,0.0955631399317406,0.75938566552901,"Jay Cutler","Lovie Smith",-0.0525844481920767,586,-0.165855619205542,376,-0.0739356503609885,1251,-0.10851462793228,-0.0684795779470514,-0.178939004261252,11,5,0,0.6875,48,0.6,3,2010,"NFC","Conf Runner-up"
"GB",10.4967948717949,0.0745542949756888,0.212317666126418,91.9152276295133,0.0585516178736518,0.841294298921418,"Aaron Rodgers","Mike McCarthy",0.185978161127031,649,-0.117206993272196,371,0.0591090997888292,1303,-0.0657313816203987,-0.0927769374435203,-0.146471509008944,10,6,0,0.625,148,0.6,4,2010,"NFC","SB Winner"
"IND",7.1870170015456,0.0506756756756757,0.157094594594595,95.5619183965641,0.0222222222222222,0.913888888888889,"Peyton Manning","Jim Caldwell",0.181543682233186,720,-0.0670433520773351,386,0.0754096157141678,1425,0.0446209804537285,0.0519097943690127,-0.0437947673200596,10,6,0,0.625,47,0.8,5,2010,"AFC",NA
"KC",8.79038317054845,0.0592705167173252,0.177811550151976,92.3020527859237,0.0581818181818182,0.809090909090909,"Matt Cassel","Todd Haley",0.0946561452117531,550,-0.0312844235372346,540,0.0175347289461209,1387,-0.015332418862647,0.0127219962496037,-0.100634777992567,10,6,0,0.625,40,0.6,6,2010,"AFC",NA
"NE",7.43243243243242,0.0515759312320917,0.141833810888252,94.0251572327044,0.0440917107583774,0.865961199294533,"Tom Brady","Bill Belichick",0.262601534098854,567,0.0955152955942368,439,0.161080502639495,1303,-0.00798448314268483,0.0213068070318347,-0.0736122823127932,14,2,0,0.875,205,1,1,2010,"AFC",NA
"NO",8.37398373983739,0.0573913043478261,0.179130434782609,93.3383233532934,0.0364656381486676,0.875175315568022,"Drew Brees","Sean Payton",0.121109112682972,713,-0.116746748724723,375,0.038319357899408,1361,-0.0221605342684838,0.0178214647805158,-0.131718703224155,11,5,0,0.6875,77,0.6,2,2010,"NFC",NA
"NYJ",8.75290472501936,0.0644122383252818,0.181964573268921,94.4202898550725,0.0478632478632479,0.868376068376068,"Mark Sanchez","Rex Ryan",0.0167532720696278,585,-0.0560280400588071,525,0.0040401902503236,1411,-0.0499132997325031,0.0288142249573676,-0.234974635789135,11,5,0,0.6875,63,0.4,4,2010,"AFC","Conf Runner-up"
"PHI",7.84313725490197,0.0588235294117647,0.160990712074303,89.4187779433681,0.0702005730659026,0.796561604584527,"Michael Vick","Andy Reid",0.103437076487062,698,0.0284653677228575,362,0.0689064983740278,1377,0.014114425991827,0.0893993891818367,-0.143084790930059,10,6,0,0.625,62,0.6,5,2010,"NFC",NA
"PIT",9.73871733966748,0.0675287356321839,0.176724137931034,90.9803921568627,0.0771992818671454,0.793536804308797,"Ben Roethlisberger","Mike Tomlin",0.166101220656136,557,-0.120886902780066,456,0.0343876644417533,1307,-0.0872858311309526,-0.0916056842064958,-0.188013267399252,12,4,0,0.75,143,0.8,2,2010,"AFC","SB Runner-up"
"SEA",8.15731973780042,0.0567484662576687,0.171779141104294,92.4662965900079,0.0565428109854604,0.846526655896607,"Matt Hasselbeck","Pete Carroll",-0.0681718406266943,619,-0.193700211826075,364,-0.0645443635542845,1295,0.0126982063796963,0.110791762486741,-0.0699783854303608,7,9,0,0.4375,-97,0.4,6,2010,"NFC",NA
"ATL",9.00398406374501,0.0518053375196232,0.177394034536892,92.0669577874818,0.0386329866270431,0.838038632986627,"Matt Ryan","Mike Smith",0.130047290552126,673,-0.08883613368833,427,0.0169132018910939,1406,-0.0258456189687728,0.0401375741733553,-0.167321689095751,10,6,0,0.625,52,0.6,5,2011,"NFC",NA
"BAL",10.3634957463264,0.0760697305863708,0.212361331220285,92.2672672672673,0.0532258064516129,0.833870967741935,"Joe Flacco","John Harbaugh",0.110283975773458,620,-0.0546343751388238,440,-0.00181628722670199,1362,-0.0918435192409859,-0.110505138183154,-0.149558154221638,12,4,0,0.75,112,0.8,2,2011,"AFC","Conf Runner-up"
"CIN",11.2128146453089,0.0726978998384491,0.237479806138934,93.591654247392,0.04,0.8624,"Andy Dalton","Marvin Lewis",0.00357961039678525,625,-0.0798116443548047,434,-0.0349054258775497,1367,-0.0537591707419539,-0.0073764651279385,-0.11229352005921,9,7,0,0.5625,21,0.4,5,2011,"AFC",NA
"DEN",8.70827285921625,0.0660225442834139,0.193236714975845,91.7910447761194,0.0785046728971963,0.794392523364486,"Tim Tebow","John Fox",-0.101983819099071,535,-0.0743360115021405,523,-0.0696934764992887,1363,-0.00448384548245816,0.0688885950813165,-0.0823612230902672,8,8,0,0.5,-81,0.4,6,2011,"AFC",NA
"DET",8.14285714285714,0.0584878744650499,0.16262482168331,91.4608327452364,0.0498034076015727,0.841415465268676,"Matthew Stafford","Jim Schwartz",0.102076424179341,763,-0.104203885620859,352,0.00935612941601491,1444,-0.0453263017683659,-0.0550680365921018,-0.0779708224435988,10,6,0,0.625,87,0.6,4,2011,"NFC",NA
"GB",7.27542687453602,0.0408450704225352,0.138028169014085,91.5589353612167,0.0626911314984709,0.830275229357798,"Aaron Rodgers","Mike McCarthy",0.403356828783824,654,-0.113793763042792,332,0.175457658155392,1346,0.0130219704701222,0.045779448762334,0.0172367665329099,15,1,0,0.9375,201,0.8,1,2011,"NFC",NA
"HOU",12.0188531029065,0.0698412698412698,0.242857142857143,92.5981873111783,0.0625,0.81439393939394,"Matt Schaub","Gary Kubiak",0.116002687833519,528,-0.0678483223106537,536,-0.000175124612338823,1351,-0.0889476480683846,-0.087282083711106,-0.145090691825934,10,6,0,0.625,103,0.4,4,2011,"AFC",NA
"NE",9.86121256391527,0.0554785020804438,0.187239944521498,92.7442528735632,0.0465116279069767,0.853197674418605,"Tom Brady","Bill Belichick",0.301179165961694,688,0.0240284897433984,431,0.174504603601745,1420,0.0449004938164896,0.137863490720806,-0.0780255625064065,13,3,0,0.8125,171,1,1,2011,"AFC","SB Runner-up"
"NO",8.6156111929308,0.0467032967032967,0.160714285714286,94.6808510638298,0.032967032967033,0.896978021978022,"Drew Brees","Sean Payton",0.306738802991088,728,0.0119090185302443,422,0.153400563071586,1432,-0.015973784132023,0.0291601236525773,-0.0896239194271969,13,3,0,0.8125,208,1,2,2011,"NFC",NA
"NYG",9.82532751091701,0.0701754385964912,0.197368421052632,92.6284437825763,0.0424886191198786,0.849772382397572,"Eli Manning","Tom Coughlin",0.163921627744458,659,-0.13078506687774,396,0.0422080792399004,1371,0.0474695359531805,0.125778439855124,-0.0424755071549232,9,7,0,0.5625,-6,0.6,6,2011,"NFC","SB Winner"
"PIT",8.58299595141702,0.0571895424836601,0.173202614379085,90.8665105386417,0.0669856459330144,0.813397129186603,"Ben Roethlisberger","Mike Tomlin",0.133974392614716,627,-0.0647615753315357,417,0.0246023715490867,1318,-0.059485561295359,-0.0499347500413984,-0.107736311699335,12,4,0,0.75,98,0.8,3,2011,"AFC",NA
"SF",10.655090765588,0.0618556701030928,0.198821796759941,90.5384615384615,0.0804387568555759,0.775137111517368,"Alex Smith","Jim Harbaugh",0.0614422205027005,547,-0.0912373317685045,458,0.0105943519082968,1330,-0.12146887433828,-0.0663043196731022,-0.229585871000586,13,3,0,0.8125,151,0.8,3,2011,"NFC","Conf Runner-up"
"ATL",7.75930324623912,0.0467741935483871,0.158064516129032,91.4086687306501,0.0402298850574713,0.84051724137931,"Matt Ryan","Mike Smith",0.231860883952863,696,-0.194512840639008,352,0.0654189467078445,1315,-0.0368099304837387,-0.0149126541639721,-0.0783317667879875,13,3,0,0.8125,120,0.6,1,2012,"NFC","Conf Runner-up"
"BAL",8.49256900212314,0.0574534161490683,0.186335403726708,92.2909090909091,0.058641975308642,0.83641975308642,"Joe Flacco","John Harbaugh",0.0719473279513659,648,-0.0425109040707354,431,0.0484911433118283,1397,0.0100807148981778,0.0558966151919502,-0.0912522358197154,10,6,0,0.625,54,0.2,6,2012,"AFC","SB Winner"
"CIN",10.4947526236882,0.0779816513761468,0.214067278287462,91.8693009118541,0.0727848101265823,0.830696202531646,"Andy Dalton","Marvin Lewis",0.018531934953976,632,-0.0338091653244722,406,0.0114189524887839,1343,-0.0449459246602826,-0.0397629506435093,-0.0836099728821429,10,6,0,0.625,71,0.8,5,2012,"AFC",NA
"DEN",10.7011070110701,0.077727952167414,0.216741405082212,94.9358059914408,0.0324074074074074,0.890432098765432,"Peyton Manning","John Fox",0.271729602683246,648,-0.107772167526302,468,0.0920979994825848,1428,-0.053672037632809,-0.0717464883588156,-0.128521746090535,13,3,0,0.8125,192,1,1,2012,"AFC",NA
"GB",9.64391691394659,0.069219440353461,0.191458026509573,90.2777777777778,0.0734870317002882,0.80835734870317,"Aaron Rodgers","Mike McCarthy",0.220263107335215,694,-0.111222396692124,392,0.0708482659702902,1398,-0.00388855263541171,0.0352258729083873,-0.0523314458002201,11,5,0,0.6875,97,0.8,4,2012,"NFC",NA
"HOU",11.2443778110945,0.0641399416909621,0.21865889212828,92.7246790299572,0.0461285008237232,0.831960461285008,"Matt Schaub","Gary Kubiak",0.163466814571292,607,-0.0457606443149239,501,0.0331597869974251,1425,-0.0360979778255023,-0.0420780454879801,-0.148759920608773,12,4,0,0.75,85,0.4,3,2012,"AFC",NA
"IND",7.6219512195122,0.0509554140127389,0.159235668789809,89.2706872370266,0.055256064690027,0.793800539083558,"Andrew Luck","Chuck Pagano",0.0931073908082428,742,-0.0737628384362286,400,0.0196286492281277,1451,0.0475799549310677,0.124352292456122,0.00499974404933887,11,5,0,0.6875,-30,0.8,4,2012,"AFC",NA
"MIN",9.3839541547278,0.0605226960110041,0.18019257221458,92.7626459143969,0.0550774526678141,0.839931153184165,"Christian Ponder","Leslie Frazier",0.0300375802614165,581,-0.0103915774313183,439,0.0266970812178642,1311,-0.00131556219878173,0.11202608397097,-0.158065971935825,10,6,0,0.625,31,0.8,6,2012,"NFC",NA
"NE",7.81021897810216,0.0537010159651669,0.155297532656023,93.7123745819398,0.0380281690140845,0.867605633802817,"Tom Brady","Bill Belichick",0.280423347284222,710,0.0307669484012618,519,0.147009219991361,1528,-0.00982345492091393,0.0898016486204943,-0.18842927946606,12,4,0,0.75,226,0.8,2,2012,"AFC","Conf Runner-up"
"SEA",9.02555910543129,0.0552995391705069,0.17357910906298,92.4170616113744,0.0628571428571429,0.817142857142857,"Russell Wilson","Pete Carroll",0.213033480082902,525,-0.0047552460779154,481,0.0928531700936961,1294,-0.0508434578120491,-0.0434110146735411,-0.0738047378162066,11,5,0,0.6875,167,1,2,2012,"NFC",NA
"SF",7.93287566742943,0.0569715142428786,0.15592203898051,91.4081145584725,0.0763500931098696,0.798882681564246,"Alex Smith","Jim Harbaugh",0.169827735277612,537,0.0290131674663616,454,0.0585679648447996,1289,-0.0480674362978089,-0.0277028718187125,-0.153607172531322,11,4,1,0.6875,124,0.6,3,2012,"NFC","SB Runner-up"
"WAS",7.83582089552239,0.0443213296398892,0.145429362880886,91.4307574598317,0.0615671641791045,0.791044776119403,"Robert Griffin","Mike Shanahan",0.232776096977738,536,0.0320798045530464,485,0.083161668775555,1335,0.0403499604752577,0.0794041239721775,-0.031304351053581,10,6,0,0.625,48,1,5,2012,"NFC",NA
"CAR",12.8,0.0888888888888889,0.237037037037037,91.4604948124501,0.0747826086956522,0.813913043478261,"Cam Newton","Ron Rivera",0.130027828630714,575,-0.0556463128751379,436,0.0475784066413,1284,-0.055475588302528,-0.0594051895548362,-0.163614277030893,12,4,0,0.75,125,0.8,3,2013,"NFC",NA
"CIN",10.6927710843374,0.0612535612535613,0.202279202279202,94.5770065075922,0.0434131736526946,0.887724550898204,"Andy Dalton","Marvin Lewis",0.107549505585259,668,-0.0873700553609644,444,0.0225294280219124,1407,-0.0748193680716478,-0.0820176338522325,-0.13210559293632,11,5,0,0.6875,125,0.8,3,2013,"AFC",NA
"DEN",9.01467505241089,0.0559345156889495,0.175989085948158,95.0335570469799,0.027027027027027,0.9,"Peyton Manning","John Fox",0.344097429731749,740,-0.0296381988231175,443,0.168864046876621,1514,0.0218459271021094,0.0858077003907804,-0.178423436216291,13,3,0,0.8125,207,0.8,1,2013,"AFC","SB Runner-up"
"GB",8.02422407267221,0.0697305863708399,0.167987321711569,91.5942028985507,0.066079295154185,0.829662261380323,"Aaron Rodgers","Mike McCarthy",0.10931331826456,681,0.00327713083337002,425,0.0566069113984778,1411,0.0642008292629554,0.11168146271205,0.0188455763185508,8,7,1,0.5,-11,0.6,6,2013,"NFC",NA
"IND",9.07012195121951,0.0658307210031348,0.186520376175549,89.6992481203008,0.0456490727532097,0.804564907275321,"Andrew Luck","Chuck Pagano",0.10992028985911,701,-0.071368034774765,354,0.0447767501971189,1356,-0.00142947118232347,0.0858273306229383,-0.0914288050881388,11,5,0,0.6875,55,0.8,5,2013,"AFC",NA
"KC",8.65800865800868,0.0661040787623066,0.168776371308017,91.6420118343195,0.0611940298507463,0.83134328358209,"Alex Smith","Andy Reid",0.0732608055022013,670,-0.0652112368467974,386,0.0420271814364285,1383,-0.0560333760088526,-0.0162350743576188,-0.111792316398856,11,5,0,0.6875,125,0.4,4,2013,"AFC",NA
"NE",9.80253878702398,0.0700729927007299,0.202919708029197,91.9753086419753,0.0563380281690141,0.835211267605634,"Tom Brady","Bill Belichick",0.155459436549394,710,-0.0795333528093261,466,0.0715771303422955,1487,-0.00560397748413747,0.0426300549188362,-0.0649443382922797,12,4,0,0.75,106,0.8,2,2013,"AFC","Conf Runner-up"
"NO",11.5008156606852,0.0808580858085809,0.232673267326733,91.9155134741442,0.0500676589986468,0.84979702300406,"Drew Brees","Sean Payton",0.208792130980635,739,-0.0796190682144816,364,0.0728813145030551,1397,-0.015988927784857,-0.0349083080282961,-0.028936089331151,11,5,0,0.6875,110,0.4,4,2013,"NFC",NA
"PHI",7.22563053851397,0.0476190476190476,0.136422136422136,90.7044299201162,0.0736,0.7952,"Nick Foles","Chip Kelly",0.17797118970452,625,-0.0110242811920198,459,0.0676490908732392,1402,0.020436173303155,0.106117702836147,-0.187159343276136,10,6,0,0.625,60,0.8,5,2013,"NFC",NA
"SEA",10.7668474051123,0.0680061823802164,0.21483771251932,89.4488188976378,0.0805860805860806,0.754578754578755,"Russell Wilson","Pete Carroll",0.188351487219807,546,-0.100877828441866,448,0.0351300360869608,1299,-0.118913804837847,-0.16494520792744,-0.128023763298116,13,3,0,0.8125,186,0.6,1,2013,"NFC","SB Winner"
"SF",8.8368580060423,0.0569715142428786,0.175412293853073,92.32,0.0737240075614367,0.818525519848771,"Colin Kaepernick","Jim Harbaugh",0.15574810470635,529,-0.110323917428581,446,0.0365892307709471,1279,-0.0760124973843894,-0.0391631553683605,-0.144825475471501,12,4,0,0.75,134,1,2,2013,"NFC","Conf Runner-up"
"ARI",9.04214559386977,0.0512445095168375,0.172767203513909,90.5775075987842,0.0422322775263952,0.812971342383107,"Drew Stanton","Bruce Arians",0.0562735415862142,663,-0.165937028958589,379,-0.0618443625147362,1343,-0.0763933833439232,-0.00470693483457319,-0.135796583524679,11,5,0,0.6875,11,0.4,5,2014,"NFC",NA
"BAL",11.9259259259259,0.0696022727272727,0.228693181818182,94.3683409436834,0.0306451612903226,0.880645161290323,"Joe Flacco","John Harbaugh",0.146861605257283,620,-0.0479801553621403,432,0.0546635794501605,1344,-0.0364339922415856,0.0663259051631654,-0.218462113555518,10,6,0,0.625,107,0.6,5,2014,"AFC",NA
"CAR",9.12636505460217,0.0623052959501558,0.182242990654206,92.0412675018423,0.0643185298621746,0.834609494640123,"Cam Newton","Ron Rivera",0.0591117610255782,653,-0.104463810524475,440,-0.0310005939395151,1380,-0.0119856319707568,0.0507533588022362,-0.0761540714415548,7,8,1,0.4375,-35,0.8,6,2014,"NFC",NA
"CIN",6.7055393586006,0.0290275761973875,0.133526850507983,94.7806354009077,0.0393162393162393,0.882051282051282,"Andy Dalton","Marvin Lewis",-0.0153348157700558,585,-0.0205121480331142,468,-0.0153859382227884,1350,-0.0298646363762695,0.0168699150852679,-0.0556452750806025,10,5,1,0.625,21,0.6,6,2014,"AFC",NA
"DAL",8.19672131147541,0.0434782608695652,0.16304347826087,93.874425727412,0.0548446069469835,0.853747714808044,"Tony Romo","Jason Garrett",0.285899529219638,547,-0.0676654040234404,498,0.0843403618708595,1335,-0.0158644564636284,0.0565276260766917,-0.089478641779766,12,4,0,0.75,115,0.8,3,2014,"NFC",NA
"DEN",9.51327433628317,0.0546666666666667,0.172,95.7142857142857,0.0253731343283582,0.91044776119403,"Peyton Manning","John Fox",0.19008299118353,670,-0.0750644133493334,439,0.0524824070255094,1437,-0.0473742357491873,0.00484910098964866,-0.199984841037609,12,4,0,0.75,128,0.8,2,2014,"AFC",NA
"DET",11.9195046439628,0.060431654676259,0.22158273381295,89.8176291793313,0.0639204545454545,0.809659090909091,"Matthew Stafford","Jim Caldwell",0.0740252248273472,704,-0.161030624603345,370,-0.0587785732853126,1349,-0.0879042819359787,0.00176612232425275,-0.306888386435838,11,5,0,0.6875,39,0.8,4,2014,"NFC",NA
"GB",9.73254086181279,0.0616541353383459,0.196992481203008,92.9783950617284,0.0475435816164818,0.855784469096672,"Aaron Rodgers","Mike McCarthy",0.315502060999513,631,-0.133044815054081,399,0.0933455760451374,1321,-0.0230562289656895,0.0062549012372418,-0.11340049195148,12,4,0,0.75,138,0.8,2,2014,"NFC","Conf Runner-up"
"IND",9.33032355154251,0.0646687697160883,0.195583596214511,90.1905434015526,0.0376623376623377,0.81948051948052,"Andrew Luck","Chuck Pagano",0.144678379353531,770,-0.22294265275625,365,0.0301013416856227,1448,-0.0444891048773373,0.016418474757946,-0.122540155733476,11,5,0,0.6875,89,0.8,3,2014,"AFC","Conf Runner-up"
"NE",8.86075949367088,0.0583941605839416,0.173722627737226,92.1526277897768,0.037463976945245,0.842939481268012,"Tom Brady","Bill Belichick",0.171373299254692,694,-0.0459907930074626,421,0.0672709301971512,1418,-0.0541944185852983,0.0262595960236447,-0.111799775954504,12,4,0,0.75,155,0.6,1,2014,"AFC","SB Winner"
"PIT",9.18614020950847,0.0520504731861199,0.17981072555205,93.2017543859649,0.0484581497797357,0.863436123348018,"Ben Roethlisberger","Mike Tomlin",0.243399119441707,681,-0.0838702578066502,406,0.0784922249649986,1398,0.0284357815530588,0.115326394820657,-0.106651020763335,11,5,0,0.6875,68,0.8,4,2014,"AFC",NA
"SEA",9.77198697068409,0.0615640599001664,0.199667221297837,89.8617511520738,0.0735551663747811,0.768826619964974,"Russell Wilson","Pete Carroll",0.138863246851618,571,0.0295028806497014,470,0.0298512729767507,1327,-0.0933342441367984,-0.0363957536332786,-0.231415823630569,12,4,0,0.75,140,1,1,2014,"NFC","SB Runner-up"
"ARI",10.6431852986218,0.053019145802651,0.204712812960236,90.4656319290466,0.0421216848673947,0.798751950078003,"Carson Palmer","Bruce Arians",0.260051488440606,641,-0.058725694101099,424,0.0752636215593361,1385,-0.0713229878881049,-0.0176708577999854,-0.245258048571933,13,3,0,0.8125,176,0.8,2,2015,"NFC","Conf Runner-up"
"CAR",11.2177121771218,0.0582010582010582,0.201058201058201,93.2895696571845,0.0556492411467116,0.844856661045531,"Cam Newton","Ron Rivera",0.152836881902447,593,-0.0216492859331197,487,0.0584783146990139,1400,-0.0981032066501503,-0.0979850665033528,-0.169370504144946,15,1,0,0.9375,192,0.8,1,2015,"NFC","SB Runner-up"
"CIN",11.0861423220974,0.0563758389261745,0.198657718120805,93.1591083781707,0.0524590163934426,0.854098360655738,"Andy Dalton","Marvin Lewis",0.229042361279186,610,-0.141065950730322,427,0.0491059689575423,1327,-0.0682156301056459,-0.0383041481933636,-0.113373553138344,12,4,0,0.75,140,0.6,2,2015,"AFC",NA
"DEN",12.5,0.0748201438848921,0.246043165467626,89.9630996309963,0.0565217391304348,0.802898550724638,"Peyton Manning","Gary Kubiak",-0.0412863444525402,690,-0.119978080744948,401,-0.0564545060098407,1383,-0.0997054079178766,-0.103642587260763,-0.186942592672741,12,4,0,0.75,59,0.6,3,2015,"AFC","SB Winner"
"GB",10.1382488479263,0.0658499234303216,0.202143950995406,89.3113342898135,0.0635994587280108,0.798376184032476,"Aaron Rodgers","Mike McCarthy",0.0786681655115637,739,-0.136019484736587,391,0.00570214930161772,1421,-0.0360614423296105,-0.029131018378531,-0.072146468162351,10,6,0,0.625,45,0.6,5,2015,"NFC",NA
"HOU",11.2816577129701,0.0680786686838124,0.222390317700454,91.7704011065007,0.0512091038406828,0.83072546230441,"Brian Hoyer","Bill O'Brien",0.0218253435982402,703,-0.169790745937289,457,-0.0615179738957667,1474,-0.0911658770040474,-0.0910436966014827,-0.125906347963383,9,7,0,0.5625,26,0.6,6,2015,"AFC",NA
"KC",9.90247561890473,0.0646492434662999,0.181568088033012,90.1363271852446,0.0751633986928105,0.799019607843137,"Alex Smith","Andy Reid",0.0669016588390381,612,-0.0234167404153032,374,0.0343221804772643,1276,-0.0698891184722568,-0.0655475447628023,-0.163832276494026,11,5,0,0.6875,118,1,4,2015,"AFC",NA
"MIN",11.1957349581112,0.0644677661169415,0.220389805097451,89.1891891891892,0.0810810810810811,0.754954954954955,"Teddy Bridgewater","Mike Zimmer",0.0498427434408582,555,-0.01042943728489,453,0.0274307198218418,1281,-0.0291760729510621,0.0301573969670755,-0.144220496399243,11,5,0,0.6875,63,0.6,3,2015,"NFC",NA
"NE",10.2489019033675,0.0693069306930693,0.198019801980198,90.313182811362,0.0528511821974965,0.815020862308762,"Tom Brady","Bill Belichick",0.173929227280053,719,-0.0751064301486744,372,0.0713615266017872,1401,-0.0515419219901377,0.025650250216814,-0.182311323375948,12,4,0,0.75,150,0.4,1,2015,"AFC","Conf Runner-up"
"PIT",10.139603232917,0.0662983425414365,0.19060773480663,93.0640243902439,0.0475504322766571,0.868876080691643,"Ben Roethlisberger","Mike Tomlin",0.142615476385545,694,-0.0340106900671198,359,0.0363766826933395,1339,-0.0475473595817829,0.0297124715385079,-0.1934363829548,10,6,0,0.625,104,0.8,5,2015,"AFC",NA
"SEA",10.8022239872915,0.0570107858243451,0.209553158705701,88.1060606060606,0.0749185667752443,0.744299674267101,"Russell Wilson","Pete Carroll",0.249320824580005,614,-0.103600598288636,439,0.0664297879507205,1347,-0.0591906232643086,-0.042120355907092,-0.148027060689087,10,6,0,0.625,146,0.8,4,2015,"NFC",NA
"WAS",8.90410958904112,0.0576631259484067,0.177541729893778,92.0273348519362,0.0430622009569378,0.832535885167464,"Kirk Cousins","Jay Gruden",0.167275300033244,627,-0.190809035983823,424,0.0123147602500038,1345,0.0031897917464535,0.0845529469974803,-0.131863324928156,9,7,0,0.5625,9,0.8,6,2015,"NFC",NA
"ATL",7.99136069114472,0.0453333333333333,0.148,88.9745566692367,0.0592948717948718,0.770833333333333,"Matt Ryan","Dan Quinn",0.315090083201253,624,0.000923007331447907,404,0.144835782349118,1318,0.0159185563369686,0.0923034239244526,-0.0425557154394869,11,5,0,0.6875,134,0.8,2,2016,"NFC","SB Runner-up"
"DAL",9.24369747899162,0.0499306518723994,0.167822468793343,92.7525057825752,0.0492957746478873,0.834507042253521,"Dak Prescott","Jason Garrett",0.221879116212777,568,0.0058733827430369,473,0.0797810502151371,1324,-0.0243281575931313,0.0795265862275438,-0.144809731998266,13,3,0,0.8125,115,0.6,1,2016,"NFC",NA
"DET",7.36342042755346,0.0407523510971787,0.14576802507837,91.0094637223975,0.0529327610872675,0.836909871244635,"Matthew Stafford","Jim Caldwell",0.166129139769421,699,-0.186801086170686,326,0.0324112401941621,1291,0.0479230801556855,0.22380897574549,-0.0929806086056225,9,7,0,0.5625,-12,0.4,6,2016,"NFC",NA
"GB",9.46791862284821,0.0604229607250755,0.182779456193353,91.8290854572714,0.0472334682860999,0.852901484480432,"Aaron Rodgers","Mike McCarthy",0.242849706486961,741,-0.137089507752083,325,0.0788076891761249,1365,0.0442601768746195,0.135054447963304,-0.0879682396148495,10,6,0,0.625,44,1,5,2016,"NFC","Conf Runner-up"
"HOU",9.31333859510656,0.0504885993485342,0.192182410423453,90.5255366395263,0.0478325859491779,0.808669656203288,"Brock Osweiler","Bill O'Brien",-0.0291163370907444,669,-0.154388959425961,436,-0.104192988951128,1380,-0.0669959970231406,0.0226779896110973,-0.170892783296924,9,7,0,0.5625,-49,0.6,6,2016,"AFC",NA
"KC",7.47252747252748,0.0404624277456647,0.147398843930636,92.3552123552123,0.0512820512820513,0.841346153846154,"Alex Smith","Andy Reid",0.0867521709722197,624,-0.105091998572422,378,0.00931836356428958,1322,-0.0551900097390214,0.00386183821793926,-0.0783567210148057,12,4,0,0.75,78,0.8,2,2016,"AFC",NA
"MIA",8.73854827343198,0.0466101694915254,0.175141242937853,90.0826446280992,0.055452865064695,0.77818853974122,"Ryan Tannehill","Adam Gase",0.062036143963994,541,-0.0923949756700372,400,-0.0336936798705634,1237,-0.0092398766844065,0.0585911837972205,-0.0491266327193687,10,6,0,0.625,-17,0.6,5,2016,"AFC",NA
"NE",8.18532818532819,0.0497076023391813,0.154970760233918,92.9618768328446,0.0375586854460094,0.849765258215962,"Tom Brady","Bill Belichick",0.274884531139393,639,-0.0767333028592294,459,0.0968601430260086,1392,-0.0681150220645242,-0.00101696800175399,-0.127474025365407,14,2,0,0.875,191,1,1,2016,"AFC","SB Winner"
"NYG",8.49194729136162,0.0492957746478873,0.163380281690141,93.4665641813989,0.033434650455927,0.870820668693009,"Eli Manning","Ben McAdoo",-0.0345217664640375,658,-0.143651594509079,386,-0.0673356445998531,1323,-0.0747874632835757,-0.0273521600289328,-0.192727403564586,11,5,0,0.6875,26,0.6,3,2016,"NFC",NA
"PIT",9.79182729375483,0.0554744525547445,0.185401459854015,94.2105263157895,0.0317700453857791,0.883509833585477,"Ben Roethlisberger","Mike Tomlin",0.157983952423373,661,-0.0430901419310143,404,0.0502698576778893,1359,-0.00771656449086842,0.0559813763980972,-0.0672186392408078,11,5,0,0.6875,72,1,4,2016,"AFC","Conf Runner-up"
"SEA",10.5421686746988,0.0663507109004739,0.221169036334913,88.4113584036838,0.0618556701030928,0.777614138438881,"Russell Wilson","Pete Carroll",0.102030735507877,679,-0.126174467176946,364,-0.00794796591071652,1328,-0.0680448012031986,0.0588116718016095,-0.207026474487293,10,5,1,0.625,62,0.6,4,2016,"NFC",NA
"ATL",9.12606341840679,0.0590909090909091,0.178787878787879,91.0328262610088,0.0402010050251256,0.812395309882747,"Matt Ryan","Dan Quinn",0.185121977406523,597,-0.153561336069425,416,0.0252265659394357,1274,-0.0126739995763374,0.0537564444746129,-0.122326907294341,10,6,0,0.625,38,0.6,6,2017,"NFC",NA
"BUF",7.28083209509659,0.0415384615384615,0.150769230769231,89.7990726429675,0.0791245791245791,0.777777777777778,"Tyrod Taylor","Sean McDermott",-0.023583562361418,594,-0.137100018881646,440,-0.0612492578830657,1342,-0.0107838223063569,0.0197290925098321,0.00728073977616406,9,7,0,0.5625,-57,0.6,6,2017,"AFC",NA
"CAR",11.9644300727567,0.0757575757575758,0.224242424242424,92.0852359208524,0.0583333333333333,0.826666666666667,"Cam Newton","Ron Rivera",0.0365531467997783,600,-0.0935821205280039,448,-0.0217254689201547,1341,-0.0549602284587091,-0.0112360225054339,-0.152240248615946,11,5,0,0.6875,36,0.6,5,2017,"NFC",NA
"JAX",11.4503816793893,0.0878594249201278,0.23961661341853,92.9749103942652,0.0394088669950739,0.839080459770115,"Blake Bortles","Doug Marrone",0.0959602681130095,609,-0.072483709269399,504,-0.015295510810316,1421,-0.149081373157786,-0.222697104868876,-0.141254299782402,10,6,0,0.625,149,0.6,3,2017,"AFC","Conf Runner-up"
"KC",7.25925925925926,0.0462686567164179,0.146268656716418,90.726429675425,0.0574534161490683,0.813664596273292,"Alex Smith","Andy Reid",0.168454764809113,644,-0.0733843482682855,374,0.0642246019334921,1320,-0.011228554278001,0.0904772353811396,-0.0768689461708624,10,6,0,0.625,76,0.8,4,2017,"AFC",NA
"LA",10.7407407407407,0.0712166172106825,0.21513353115727,92.4886191198786,0.0480274442538593,0.830188679245283,"Jared Goff","Sean McVay",0.131005352109837,583,-0.0503895860700709,432,0.052578996305666,1343,-0.0827990671638547,-0.0863225148631749,-0.0515829319456528,11,5,0,0.6875,149,0.6,3,2017,"NFC",NA
"MIN",9.67226219024782,0.0579937304075235,0.189655172413793,91.7282127031019,0.0435483870967742,0.819354838709677,"Case Keenum","Mike Zimmer",0.156227233742944,620,-0.139783179621678,473,-0.00580862170013441,1382,-0.122891702251745,-0.116477813299769,-0.16339637733426,13,3,0,0.8125,130,0.8,2,2017,"NFC","Conf Runner-up"
"NE",9.86238532110091,0.0616740088105727,0.18942731277533,91.4801444043321,0.0513950073421439,0.826725403817915,"Tom Brady","Bill Belichick",0.255958691540596,681,-0.0424454685827447,444,0.120579936577209,1411,-0.00900203558971212,0.0734431029373301,-0.0516232697369121,13,3,0,0.8125,162,0.8,1,2017,"AFC","SB Runner-up"
"NO",9.05631659056316,0.0626865671641791,0.177611940298507,94.0809968847352,0.0341880341880342,0.87008547008547,"Drew Brees","Sean Payton",0.14023460870611,585,0.0281979016919225,430,0.0677882946898963,1310,-0.0379578743879039,0.0180082835138912,-0.105954148008549,11,5,0,0.6875,122,0.6,4,2017,"NFC",NA
"PHI",11.3777089783282,0.0537482319660538,0.207920792079208,89.6877269426289,0.0534918276374443,0.789004457652303,"Carson Wentz","Doug Pederson",0.148096321628084,673,-0.0913243705427603,439,0.0375319289189391,1409,-0.104423219784785,-0.071984219540905,-0.193183789543801,13,3,0,0.8125,162,0.6,1,2017,"NFC","SB Winner"
"PIT",13.0081300813008,0.0925619834710744,0.264462809917355,93.4122871946706,0.036144578313253,0.865963855421687,"Ben Roethlisberger","Mike Tomlin",0.178409463226369,664,-0.0866918163537062,418,0.0430353398470749,1381,-0.0394851684804318,-0.0231466599724675,-0.0660099935043184,13,3,0,0.8125,98,0.8,2,2017,"AFC",NA
"TEN",9.53090096798212,0.0610795454545455,0.181818181818182,91.7316692667707,0.0597269624573379,0.819112627986348,"Marcus Mariota","Mike Mularkey",-0.0572527429880398,586,-0.0865493465631261,422,-0.0498562998231315,1305,-0.0239296684123165,0.0515825538172432,-0.189366109201044,9,7,0,0.5625,-22,0.4,5,2017,"AFC",NA
"BAL",10.8712413261372,0.0626822157434402,0.205539358600583,93.2960893854749,0.049306625577812,0.852080123266564,"Joe Flacco","John Harbaugh",0.0577779978642967,649,0.0036145866308677,519,0.0106364982792492,1457,-0.0806037081026329,-0.0348686842110857,-0.147282258005379,10,6,0,0.625,102,0.8,5,2018,"AFC",NA
"CHI",11.3601236476043,0.0686813186813187,0.201923076923077,92.9223744292238,0.05229793977813,0.852614896988906,"Mitch Trubisky","Matt Nagy",0.151211532715126,631,-0.119319352011137,427,-0.00520804635218175,1347,-0.128392619478433,-0.0877386349678973,-0.217032389064365,12,4,0,0.75,138,0.8,3,2018,"NFC",NA
"DAL",10.4928457869634,0.0612244897959184,0.207221350078493,87.7582249426167,0.0856269113149847,0.755351681957187,"Dak Prescott","Jason Garrett",0.0528057780653583,654,-0.0571921011496133,408,-0.0232088681866813,1329,-0.0360688139832861,0.0615491592562314,-0.194942028378937,10,6,0,0.625,15,0.8,5,2018,"NFC",NA
"HOU",9.75428145941923,0.0610795454545455,0.186079545454545,86.2426035502959,0.0932330827067669,0.720300751879699,"Deshaun Watson","Bill O'Brien",0.142290451801505,665,-0.148842258374799,412,0.00875237601544276,1388,-0.0678925811149245,0.0326644869603618,-0.25256059235501,11,5,0,0.6875,86,0.6,4,2018,"AFC",NA
"IND",8.57580398162327,0.0594679186228482,0.17527386541471,93.183466279913,0.0247592847317744,0.8707015130674,"Andrew Luck","Frank Reich",0.142326791474808,727,-0.0910269634440325,383,0.0353639433928764,1410,-0.037287655845884,0.0352648852012128,-0.130789404351973,10,6,0,0.625,89,0.8,6,2018,"AFC",NA
"KC",10.6918238993711,0.0683311432325887,0.201051248357424,90.0914634146341,0.0382352941176471,0.808823529411765,"Patrick Mahomes","Andy Reid",0.347581338836254,680,0.0209082326220291,352,0.184712165240365,1337,0.0441323433740679,0.110488865061178,0.00284173308236998,12,4,0,0.75,144,0.6,1,2018,"AFC","Conf Runner-up"
"LA",10.9546165884194,0.0642633228840125,0.219435736677116,92.3929098966027,0.0502283105022831,0.843226788432268,"Jared Goff","Sean McVay",0.206774097680688,657,0.0654855282879853,424,0.105849918509691,1390,-0.0179992306617119,0.0428302494709496,-0.0882033209350931,13,3,0,0.8125,143,0.6,2,2018,"NFC","SB Runner-up"
"LAC",9.05542544886809,0.058282208588957,0.177914110429448,90.2857142857143,0.0578231292517007,0.797619047619048,"Philip Rivers","Anthony Lynn",0.214375102562638,588,0.00369478543175159,393,0.0573497357702048,1250,-0.0292916406171143,0.0223505956403664,-0.0940523595411466,12,4,0,0.75,99,0.8,2,2018,"AFC",NA
"NE",9.75232198142412,0.0432900432900433,0.181818181818182,93.6170212765958,0.0334928229665072,0.861244019138756,"Tom Brady","Bill Belichick",0.179042463071416,627,-0.0305146526498268,471,0.0471022360630919,1397,-0.0469722572831343,0.0078478092110841,-0.138051459110118,11,5,0,0.6875,111,0.6,3,2018,"AFC","SB Winner"
"NO",11.5965051628277,0.0707070707070707,0.210678210678211,94.535519125683,0.0344234079173838,0.879518072289157,"Drew Brees","Sean Payton",0.279730761587156,581,-0.00640840567248081,447,0.115840850379388,1316,-0.021605619163557,0.126556023190187,-0.205778773265723,13,3,0,0.8125,151,0.6,1,2018,"NFC","Conf Runner-up"
"PHI",13.1477184841454,0.0605226960110041,0.233837689133425,89.5645645645646,0.0578034682080925,0.799132947976879,"Carson Wentz","Doug Pederson",0.110205796524551,692,-0.0848819716850859,385,0.0212995892299313,1349,0.0103639190615525,0.0794808643136011,-0.104550774596933,9,7,0,0.5625,19,0.8,6,2018,"NFC",NA
"SEA",11.9258662369057,0.0679304897314376,0.233807266982622,89.2964071856288,0.0953271028037383,0.732710280373832,"Russell Wilson","Pete Carroll",0.209741525512198,535,-0.0272738292805506,511,0.0550548703935118,1365,-0.010434672569898,0.0737786551199681,-0.130043378328909,10,6,0,0.625,81,0.8,4,2018,"NFC",NA
"BAL",11.8078175895765,0.0572755417956656,0.224458204334365,93.5267857142857,0.052930056710775,0.835538752362949,"Lamar Jackson","John Harbaugh",0.319922023543179,529,0.0875753020867132,551,0.14635857326945,1377,-0.0697849064730201,-0.0809419605015573,-0.10093059105796,14,2,0,0.875,249,1,1,2019,"AFC",NA
"BUF",10.4724409448819,0.0679012345679012,0.205246913580247,90.4761904761905,0.0638977635782748,0.801916932907348,"Josh Allen","Sean McDermott",0.0229207268598748,626,-0.0820365747172081,423,-0.0397328991044184,1348,-0.0955905569430562,-0.0940239303145533,-0.0645793828537233,10,6,0,0.625,55,0.4,4,2019,"AFC",NA
"GB",10.2056962025316,0.0641627543035994,0.2018779342723,90.9774436090225,0.0527086383601757,0.824304538799414,"Aaron Rodgers","Matt LaFleur",0.127258787646334,683,-0.0594979429377663,371,0.0211933647731085,1358,-0.0346217671211004,-0.042869597778987,-0.0147674598197215,13,3,0,0.8125,63,1,3,2019,"NFC","Conf Runner-up"
"HOU",8.92448512585814,0.0449927431059507,0.169811320754717,89.5579268292683,0.0735735735735736,0.794294294294294,"Deshaun Watson","Bill O'Brien",0.133619644628142,666,-0.0712448500484352,388,0.0266438747146342,1336,0.030161717193829,0.137242558634019,-0.0871864072743682,10,6,0,0.625,-7,0.6,5,2019,"AFC",NA
"KC",10.4011887072809,0.0645624103299857,0.200860832137733,92.429022082019,0.0360230547550432,0.861671469740634,"Patrick Mahomes","Andy Reid",0.246693517351842,694,-0.0941341077021809,341,0.0958330925972584,1303,-0.0340972316944331,0.0163036631579245,-0.0303792856003444,12,4,0,0.75,143,1,3,2019,"AFC","SB Winner"
"MIN",10.9682299546142,0.0690647482014388,0.20863309352518,92.4860111910472,0.0520446096654275,0.825278810408922,"Kirk Cousins","Mike Zimmer",0.174248726705772,538,-0.0816329877044535,468,0.0198333647446543,1281,-0.071167784322004,-0.0319700654657242,-0.133516324055175,10,6,0,0.625,104,0.4,5,2019,"NFC",NA
"NE",11.1899133175729,0.0712121212121212,0.215151515151515,91.5462427745665,0.0402877697841727,0.831654676258993,"Tom Brady","Bill Belichick",0.0649463671350456,695,-0.0775772984799861,437,-0.0127742667777113,1414,-0.188355093824225,-0.241297886088424,-0.168144087679182,12,4,0,0.75,195,0.4,2,2019,"AFC",NA
"NO",11.9119878603945,0.069672131147541,0.21448087431694,93.693009118541,0.0381679389312977,0.873282442748092,"Drew Brees","Sean Payton",0.170473528042831,655,-0.071471468415988,386,0.0492252659059979,1349,-0.054271659212408,0.0427771615051999,-0.216957437473358,13,3,0,0.8125,117,0.8,2,2019,"NFC",NA
"PHI",11.2412177985948,0.0643712574850299,0.215568862275449,90.398293029872,0.0513888888888889,0.8125,"Carson Wentz","Doug Pederson",0.0701036568089986,720,-0.103727152535148,433,-0.00261281639387462,1433,-0.0290761053468486,0.0622567408272197,-0.214127053553592,9,7,0,0.5625,31,0.8,6,2019,"NFC",NA
"SEA",7.14828897338404,0.0405797101449275,0.136231884057971,88.5735080058224,0.0732824427480916,0.76030534351145,"Russell Wilson","Pete Carroll",0.118986726786105,655,-0.136374468954119,435,-0.00369654570641541,1403,-0.00908190864816701,0.0745486489330538,-0.0929839997767677,11,5,0,0.6875,7,0.4,4,2019,"NFC",NA
"SF",10.7198748043818,0.075,0.2140625,91.6539050535987,0.0638297872340425,0.806737588652482,"Jimmy Garoppolo","Kyle Shanahan",0.1911333668319,564,-0.0613146983143763,477,0.0343587870427169,1335,-0.118358604541897,-0.120091406460655,-0.166321637536065,13,3,0,0.8125,169,0.6,1,2019,"NFC","SB Runner-up"
"TEN",9.25925925925926,0.0603085553997195,0.17531556802244,87.799043062201,0.0998217468805704,0.727272727272727,"Ryan Tannehill","Mike Vrabel",0.140945923835617,561,-0.0432720800418331,409,0.0206195612554214,1286,-0.037808667839174,0.0467893700244102,-0.146416506543661,9,7,0,0.5625,71,0.6,6,2019,"AFC","Conf Runner-up"
"BAL",11.7241379310345,0.0556348074179743,0.218259629101284,92.862807295797,0.0628683693516699,0.823182711198428,"Lamar Jackson","John Harbaugh",0.126608023684905,509,0.0944754678399609,502,0.0952879282058696,1285,-0.0588593648058993,0.0255399722784789,-0.124473545532754,11,5,0,0.6875,165,1,4,2020,"AFC",NA
"BUF",9.61392884178652,0.056047197640118,0.187315634218289,92.6371149511645,0.0385714285714286,0.86,"Josh Allen","Sean McDermott",0.296620490304962,700,-0.0814947644894145,361,0.126667994445691,1366,0.0160667890200347,0.0707921724989096,-0.0206106695088075,13,3,0,0.8125,126,1,2,2020,"AFC","Conf Runner-up"
"CHI",9.03568716780562,0.0541795665634675,0.184210526315789,89.9248120300752,0.0521739130434783,0.805797101449275,"Mitch Trubisky","Matt Nagy",0.0144132679927927,690,-0.0702279865072827,369,-0.0163609711964656,1355,-0.0131270237304362,0.10361216348396,-0.124366913521078,8,8,0,0.5,2,0.6,6,2020,"NFC",NA
"CLE",8.1866870696251,0.0561299852289513,0.158050221565731,94.0594059405941,0.0450606585788562,0.864818024263432,"Baker Mayfield","Kevin Stefanski",0.194662668824044,577,-0.0324026755344048,467,0.0500578005989296,1345,0.0635381158312154,0.141218362195229,-0.0217708907533084,11,5,0,0.6875,-11,0.6,7,2020,"AFC",NA
"GB",9.3428345209818,0.0637636080870918,0.183514774494557,94.4488501189532,0.0347107438016529,0.884297520661157,"Aaron Rodgers","Matt LaFleur",0.353507984666897,605,0.0272232935351735,409,0.152139379949472,1294,0.0227709934438377,0.0676234196487385,-0.0303552925737023,13,3,0,0.8125,140,1,1,2020,"NFC","Conf Runner-up"
"IND",9.13348946135832,0.0610687022900763,0.178625954198473,94.0864291129644,0.0344827586206897,0.87192118226601,"Philip Rivers","Frank Reich",0.18029239252727,609,-0.0446223154371397,456,0.0498353865434959,1348,-0.0378581982976426,0.0466573491441704,-0.10196044788465,11,5,0,0.6875,89,0.8,5,2020,"AFC",NA
"KC",9.80243161094226,0.048411497730711,0.195158850226929,91.8276374442793,0.0326086956521739,0.85054347826087,"Patrick Mahomes","Andy Reid",0.291413284191355,736,-0.0557557367579472,349,0.138430975559048,1372,0.044518093702306,0.0954384432768931,0.0109854849443,14,2,0,0.875,111,0.8,1,2020,"AFC","SB Runner-up"
"LA",12.0348376880443,0.0811638591117917,0.232771822358346,92.2964049889949,0.0379362670713202,0.840667678300455,"Jared Goff","Sean McVay",0.0333799640436343,659,-0.0807267038756463,441,-0.0463340415325915,1391,-0.128609794558106,-0.149883093130241,-0.192166575661774,10,6,0,0.625,76,0.6,5,2020,"NFC",NA
"NO",12.015503875969,0.0673652694610778,0.232035928143713,92.1331316187595,0.0489038785834739,0.824620573355818,"Drew Brees","Sean Payton",0.13825242548966,593,0.0392893219668604,462,0.0627730667301473,1348,-0.0578577711366256,0.0157547110038531,-0.150971899366443,12,4,0,0.75,145,0.6,2,2020,"NFC",NA
"PIT",14.5398298530549,0.0880503144654088,0.29559748427673,93.792071802543,0.0193637621023513,0.885200553250346,"Ben Roethlisberger","Mike Tomlin",0.115747243846437,723,-0.133799077688726,354,0.00885937196037947,1366,-0.0844687846908242,-0.110855192919221,-0.093087782799117,12,4,0,0.75,104,0.2,3,2020,"AFC",NA
"SEA",10.7703281027104,0.058974358974359,0.193589743589744,87.5190258751903,0.0686695278969957,0.765379113018598,"Russell Wilson","Pete Carroll",0.16377151011011,699,-0.0135157733736165,348,0.0877871324846981,1336,0.0130645733668886,0.123611153010795,-0.134894940065741,12,4,0,0.75,88,0.8,3,2020,"NFC",NA
"TB",12.2740963855422,0.0665742024965326,0.226074895977809,92.3605805958747,0.0315638450502152,0.856527977044476,"Tom Brady","Bruce Arians",0.235801452836575,697,-0.0321635584330893,348,0.0822455477616055,1335,-0.0390190807730314,0.041703270095686,-0.209079886148218,11,5,0,0.6875,137,0.8,4,2020,"NFC","SB Winner"
"TEN",6.53450807635828,0.0269121813031161,0.126062322946176,91.8106686701728,0.0447227191413238,0.805008944543828,"Ryan Tannehill","Mike Vrabel",0.293718624264096,559,0.0732725480688253,503,0.130088529389116,1359,0.0891366977312767,0.21731823614252,-0.0358650401419308,11,5,0,0.6875,52,0.6,6,2020,"AFC",NA
"WAS",10.8780108780109,0.0741324921135647,0.220820189274448,88.1824981301421,0.0717360114777618,0.773314203730273,"Alex Smith","Ron Rivera",-0.0663941406322918,697,-0.0347889700456984,377,-0.0481176171050208,1357,-0.0485314764030629,-0.059904338480459,-0.118557030235846,7,9,0,0.4375,6,0.6,7,2020,"NFC",NA
