season,team,conference,playoff_seed,wins,losses,win_pct,point_differential,passing_epa,rushing_epa,total_offensive_epa,defensive_epa,defensive_pass_epa,defensive_rush_epa,pass_rush_rating,sack_rate,pressure_rate,pass_block_rating,sacks_allowed_rate,protection_rate,superbowl_win,upset_winner,spread_magnitude,last_5_win_pct,primary_qb,coach
2000,BAL,AFC,3.0,12,4,0.75,168,-0.0588303945326577,-0.0496076728349038,-0.0184578957690684,-0.157649127121095,-0.129676286460665,-0.369403171538679,5.2,0.0573770491803279,0.10655737704918,94.6313528990694,0.0720268006700168,0.874371859296482,SB Winner,Yes,3.0,1.0,Tony Banks,Brian Billick
2000,DEN,AFC,4.0,11,5,0.6875,116,0.170374872184989,-0.026281820895496,0.0741821815339874,-0.0068836569525085,0.0183076932741963,-0.138546855133957,6.25476735316553,0.0648011782032401,0.120765832106038,96.524064171123,0.0451127819548872,0.921804511278196,No,No,,0.8,Brian Griese,Mike Shanahan
2000,IND,AFC,6.0,10,6,0.625,103,0.248321484717235,-0.0669317066504211,0.100923784256193,0.0176699076961101,0.0486580296578115,-0.0546922046972449,5.61299852289513,0.0665610142630745,0.120443740095087,97.389412617839,0.0308166409861325,0.944530046224962,No,No,,0.6,Peyton Manning,Jim Mora
2000,MIA,AFC,5.0,11,5,0.6875,97,0.0806703220019915,-0.150383216285506,-0.0092036578805699,-0.0967741101768136,-0.0760468257905758,-0.169073804268881,5.8405682715075,0.0687397708674304,0.121112929623568,95.5387205387205,0.0581896551724138,0.885775862068966,No,No,,0.6,Jay Fiedler,Dave Wannstedt
2000,MIN,NFC,3.0,11,5,0.6875,26,0.187037378932334,-0.0262658077147591,0.0953009603003527,0.0695255856273322,0.14863898541443,-0.0490790633324432,4.33504775900072,0.0451895043731778,0.0860058309037901,95.0645406226272,0.0572831423895254,0.893617021276596,Conf Runner-up,Yes,8.0,0.4,Daunte Culpepper,Dennis Green
2000,NO,NFC,6.0,10,6,0.625,49,0.0846037952827839,-0.101256622427185,0.0065264383190584,-0.0327383984811677,-0.0582455618209504,-0.0931092856215077,9.5496894409938,0.106451612903226,0.198387096774194,94.7218259629101,0.0620031796502385,0.88235294117647,No,No,,0.6,Jeff Blake,Jim Haslett
2000,NYG,NFC,1.0,12,4,0.75,82,0.137208734687241,-0.133543364345533,0.0343522259682499,-0.0296668294260578,0.0444566023582926,-0.294393985010851,6.34441087613293,0.0630372492836676,0.120343839541547,96.269202633504,0.0469798657718121,0.914429530201342,SB Runner-up,Yes,4.5,1.0,Kerry Collins,Jim Fassel
2000,PHI,NFC,2.0,11,5,0.6875,106,0.0628784620248427,-0.138475298559291,0.0412901644492381,-0.0356929933842819,-0.0743720276384655,-0.101989123490116,6.51260504201681,0.0742942050520059,0.138187221396731,93.859649122807,0.0628491620111732,0.88268156424581,No,No,,0.8,Donovan McNabb,Andy Reid
2000,TB,NFC,4.0,10,6,0.625,119,0.0405714010382773,-0.0834172223538308,0.0030959785687433,-0.0863142110161186,-0.134461366969362,-0.072315772299404,7.56062767475035,0.0783475783475783,0.150997150997151,94.3640517897944,0.0693430656934307,0.864963503649635,No,No,,0.8,Shaun King,Tony Dungy
2000,TEN,AFC,1.0,13,3,0.8125,155,0.0850131560365411,-0.157891699225936,0.012971303422074,-0.115405013438015,-0.146231755871389,-0.274310327507473,7.96812749003985,0.0922818791946309,0.167785234899329,96.4544138929088,0.0487364620938628,0.911552346570397,No,No,,0.8,Steve McNair,Jeff Fisher
2001,BAL,AFC,5.0,10,6,0.625,38,-0.0353052808178256,-0.16596962447217,-0.0548047848761844,-0.116896177407152,-0.102947630269762,-0.226619901606359,6.43451930355791,0.0685975609756098,0.129573170731707,94.6024799416484,0.0622083981337481,0.884914463452566,No,No,,0.6,Elvis Grbac,Brian Billick
2001,CHI,NFC,2.0,13,3,0.8125,135,-0.0349524365988716,-0.096403158310408,-0.013335248421668,-0.122740469264763,-0.0845529114893715,-0.267997132682142,6.51162790697675,0.0682788051209104,0.119487908961593,97.8411719352352,0.0292598967297762,0.951807228915663,No,No,,0.8,Jim Miller,Dick Jauron
2001,GB,NFC,4.0,12,4,0.75,124,0.196194843278132,-0.149282572734701,0.0546139200426336,-0.0650896725513187,-0.114124100463473,-0.0942401774965821,7.00301204819278,0.0751445086705202,0.134393063583815,97.1864951768489,0.0381944444444444,0.939236111111111,No,Yes,3.5,0.8,Brett Favre,Mike Sherman
2001,MIA,AFC,3.0,11,5,0.6875,54,0.0678574316931256,-0.130855979360399,0.0146705018658375,-0.0301540617492618,0.005694286552199,-0.122151357870905,4.92454328832407,0.0658362989323843,0.110320284697509,95.8162428219852,0.050185873605948,0.905204460966543,No,No,,0.6,Jay Fiedler,Dave Wannstedt
2001,NE,AFC,2.0,11,5,0.6875,99,0.0573134872214479,-0.10676693762908,0.0248137537784809,-0.0546833229310983,-0.0514352991840824,-0.118608435054466,5.84166026133744,0.0629800307219662,0.116743471582181,93.5458786936236,0.0824372759856631,0.851254480286738,SB Winner,Yes,3.0,1.0,Tom Brady,Bill Belichick
2001,NYJ,AFC,6.0,10,6,0.625,13,0.0072657380681023,-0.0792132661672408,-0.0145671686250718,-0.0281346083537617,-0.0421155523106882,-0.0543986360998213,4.82115085536549,0.0558375634517767,0.104906937394247,97.1452560873216,0.0368932038834951,0.933980582524272,No,No,,0.6,Vinny Testaverde,Herm Edwards
2001,PHI,NFC,5.0,11,5,0.6875,135,0.0309785019440844,-0.150591167240176,0.016103005910408,-0.0883529245576594,-0.0933864809501615,-0.146849391058642,6.29685157421289,0.072933549432739,0.13614262560778,94.1129673826571,0.062992125984252,0.883464566929134,Conf Runner-up,Yes,3.5,0.8,Donovan McNabb,Andy Reid
2001,PIT,AFC,1.0,13,3,0.8125,140,0.156773658933054,-0.0393749906095799,0.0471606035050859,-0.108670167902704,-0.114089520691584,-0.213118769087755,8.7102177554439,0.0867507886435331,0.16403785488959,95.4545454545455,0.0562613430127042,0.891107078039927,Conf Runner-up,Yes,5.5,0.8,Kordell Stewart,Bill Cowher
2001,SF,NFC,3.0,12,4,0.75,127,0.173281525939275,-0.002784822009749,0.0854403458075371,-0.017011220946041,0.0015390655479968,-0.163969079491965,4.61416070007957,0.0493827160493827,0.0895061728395062,96.2149886449659,0.0434782608695652,0.916387959866221,No,No,,0.6,Jeff Garcia,Steve Mariucci
2001,TB,NFC,6.0,9,7,0.5625,44,0.0113568232547199,-0.0823558667761037,-0.0042972761864122,-0.0445344178824545,-0.0522316149635703,-0.128607166967365,6.33744855967078,0.0719178082191781,0.131849315068493,93.1732933233309,0.0690161527165932,0.866372980910426,No,No,,0.6,Brad Johnson,Tony Dungy
2002,ATL,NFC,6.0,9,6,0.5625,88,0.0946593566318774,-0.0414439031461004,0.044769869529453,-0.0327783572079271,-0.0189734513051817,-0.087912365069625,6.72853828306265,0.0753205128205128,0.139423076923077,95.1528709917972,0.0588235294117647,0.893790849673203,No,No,,0.4,Michael Vick,Dan Reeves
2002,CLE,AFC,5.0,9,7,0.5625,24,0.0528241812169885,-0.0677641662399833,0.0178804467493137,-0.0198964000765058,-0.0017126951084467,-0.0587288775285097,3.63777089783281,0.0477001703577513,0.0800681431005111,95.0794852384557,0.0540958268933539,0.899536321483771,No,No,,0.6,Tim Couch,Butch Davis
2002,GB,NFC,3.0,12,4,0.75,70,0.0721802735924458,-0.0832267495724493,0.0204735988787362,-0.0363845707457136,-0.0990484618014767,-0.0420747708809114,5.56844547563806,0.0667701863354037,0.111801242236025,96.5364775239499,0.0415384615384615,0.927692307692308,No,No,,0.8,Brett Favre,Mike Sherman
2002,IND,AFC,4.0,10,6,0.625,36,0.112482823161097,-0.138916657785934,0.0161506805318279,-0.0407476305741559,-0.0709408263780066,-0.0546017129496578,4.70494417862841,0.0636042402826855,0.104240282685512,96.8349660889224,0.0347957639939486,0.936459909228442,No,No,,0.6,Peyton Manning,Tony Dungy
2002,NYG,NFC,4.0,10,6,0.625,41,0.150134374402379,-0.178147387993097,0.000542408868784,-0.035297705244171,0.0092825136628816,-0.164518487312326,5.20504731861199,0.0577223088923557,0.102964118564743,96.6545454545455,0.0378548895899054,0.927444794952681,No,No,,0.8,Kerry Collins,Jim Fassel
2002,NYJ,AFC,6.0,9,7,0.5625,23,0.135121770522187,-0.052384650335936,0.0797769814603951,0.011610479714035,0.0816398617120132,-0.120613756661034,4.49264136328427,0.0477707006369427,0.0923566878980892,94.8653198653198,0.0581818181818182,0.889090909090909,No,Yes,6.0,0.6,Chad Pennington,Herm Edwards
2002,PHI,NFC,1.0,12,4,0.75,174,0.0392521761223453,-0.0408327160731136,0.0375098869974173,-0.131546722106184,-0.133528273723064,-0.258208949687339,7.57002271006812,0.0808080808080808,0.144300144300144,95.0589970501475,0.0544629349470499,0.898638426626324,Conf Runner-up,Yes,7.5,0.8,Donovan McNabb,Andy Reid
2002,PIT,AFC,3.0,10,5,0.625,45,0.0780249870700773,-0.0750055490551422,0.0310887429746025,-0.0332447351761145,-0.048619022556268,-0.163220519626946,7.37577639751552,0.072992700729927,0.138686131386861,95.3136265320836,0.0528771384136858,0.89891135303266,No,Yes,8.0,0.8,Tommy Maddox,Bill Cowher
2002,SF,NFC,5.0,10,6,0.625,16,0.15805721191381,0.0079153337772747,0.057795921289705,0.0478576712682261,0.135445642979635,-0.108004793520428,4.73933649289101,0.050314465408805,0.0943396226415094,96.9140337986774,0.0331325301204819,0.936746987951807,No,Yes,3.0,0.6,Jeff Garcia,Steve Mariucci
2002,TB,NFC,2.0,12,4,0.75,150,0.0209402192265481,-0.14633395441692,-0.0246441857553196,-0.153276434284058,-0.290458418984598,-0.0756830674255356,5.99520383693046,0.0715474209650582,0.124792013311148,94.4317315026697,0.0622154779969651,0.889226100151745,SB Winner,Yes,6.0,0.6,Brad Johnson,Jon Gruden
2002,TEN,AFC,2.0,11,5,0.6875,43,0.147053796403869,-0.093886874665295,0.0265977925438521,-0.0256193326037568,0.0598432738536379,-0.219799834064865,6.02975724353955,0.0594353640416048,0.114413075780089,97.0970206264324,0.0354131534569983,0.935919055649241,Conf Runner-up,Yes,4.5,1.0,Steve McNair,Jeff Fisher
2003,BAL,AFC,5.0,10,6,0.625,110,-0.105021334221669,-0.0754258814345815,-0.0485563403932244,-0.146907295663716,-0.181514296037433,-0.209945936828713,3.55555555555556,0.0783034257748776,0.0783034257748776,96.8586387434555,0.0813953488372093,0.918604651162791,No,No,,0.8,Kyle Boller,Brian Billick
2003,CAR,NFC,3.0,11,5,0.6875,21,-0.0133981278893725,-0.133252614260614,-0.0506308404638845,-0.0630950624306711,-0.004495057662755,-0.186172964548661,2.97256097560975,0.0625,0.0625,98.0213089802131,0.0490566037735849,0.950943396226415,SB Runner-up,Yes,3.0,0.6,Jake Delhomme,John Fox
2003,DAL,NFC,6.0,10,6,0.625,29,-0.0531863478477186,-0.123283990605967,-0.0539926098525878,-0.076375809077272,-0.106608984531535,-0.144924630845261,2.74858528698464,0.0600706713780919,0.0600706713780919,97.2713864306785,0.0618729096989967,0.938127090301003,No,No,,0.4,Quincy Carter,Bill Parcells
2003,DEN,AFC,6.0,10,6,0.625,80,0.0428193891316858,0.0489607324210764,0.0206436915926569,-0.0418159633898242,-0.0478970131526153,-0.110923251137233,2.94599018003273,0.0617495711835334,0.0617495711835334,98.1604120676968,0.0448833034111311,0.955116696588869,No,No,,0.8,Jake Plummer,Mike Shanahan
2003,GB,NFC,4.0,10,6,0.625,135,0.129747849401478,0.0011199830008062,0.0724795859082384,-0.0342551851919908,-0.0705770110359164,-0.0865218688629297,2.61976047904191,0.0514705882352941,0.0514705882352941,98.5294117647059,0.0361904761904762,0.963809523809524,No,Yes,7.5,0.8,Brett Favre,Mike Sherman
2003,IND,AFC,3.0,12,4,0.75,111,0.212485369521926,-0.0624252942261468,0.109820402818792,0.0257809914918082,-0.0232995735855861,0.0324578449568073,2.52032520325203,0.0598455598455598,0.0598455598455598,98.4973703981968,0.0316455696202532,0.968354430379747,Conf Runner-up,Yes,3.0,0.6,Peyton Manning,Tony Dungy
2003,KC,AFC,2.0,13,3,0.8125,152,0.157321882641634,0.0690396985306641,0.127554566800157,0.0041576064483975,-0.0243309555636909,0.0064829815288666,2.66469282013324,0.05625,0.05625,98.4532095901005,0.0332778702163062,0.966722129783694,No,No,,0.6,Trent Green,Dick Vermeil
2003,NE,AFC,1.0,14,2,0.875,110,0.0482038707911435,-0.160827264638584,-0.0357656117579959,-0.116838420997096,-0.169233647393958,-0.136990538236832,2.92825768667642,0.0563380281690141,0.0563380281690141,97.6243504083148,0.0532445923460899,0.94675540765391,SB Winner,Yes,3.5,1.0,Tom Brady,Bill Belichick
2003,PHI,NFC,2.0,12,4,0.75,87,0.0620859950138043,0.0192253530914558,0.0437026660595976,-0.0275277473493065,-0.0434928988981313,-0.0153759895976537,2.83842794759826,0.06,0.06,96.5406275140788,0.0707236842105263,0.929276315789474,Conf Runner-up,Yes,4.0,0.8,Donovan McNabb,Andy Reid
2003,SEA,NFC,5.0,10,6,0.625,77,0.148337965180743,-0.039070544123641,0.0686030711477327,0.0017461701414959,0.0713186926181285,-0.139799716085364,3.06793279766252,0.0626865671641791,0.0626865671641791,96.7024539877301,0.070607553366174,0.929392446633826,No,No,,0.6,Matt Hasselbeck,Mike Holmgren
2003,TEN,AFC,4.0,12,4,0.75,111,0.213862780869794,-0.166716153772948,0.0467984708621607,-0.0425192438592524,-0.0683741195300755,-0.115080393092694,3.04243394715773,0.0599369085173502,0.0599369085173502,98.0122324159021,0.0459363957597173,0.954063604240283,No,Yes,1.0,0.6,Steve McNair,Jeff Fisher
2004,ATL,NFC,2.0,11,5,0.6875,3,-0.0471827014088583,-0.0143937488861438,-0.0155859679519058,-0.0205990539767554,0.0043031876215072,-0.0654200476746546,3.65575019040365,0.0784313725490196,0.0784313725490196,96.0956175298805,0.0879712746858169,0.912028725314183,Conf Runner-up,Yes,6.5,0.4,Michael Vick,Jim Mora
2004,DEN,AFC,5.0,10,6,0.625,77,0.153786496137852,-0.0563372108929341,0.0344345221475661,-0.0222604279169104,-0.0354074228327003,-0.126404169838722,3.09194467046379,0.0659722222222222,0.0659722222222222,98.75,0.0280528052805281,0.971947194719472,No,No,,0.6,Jake Plummer,Mike Shanahan
2004,GB,NFC,3.0,10,6,0.625,44,0.244157687040568,-0.0854931176880763,0.110036159560195,0.0758902204405362,0.161114220324651,-0.0436408800093494,3.08404009252122,0.0641025641025641,0.0641025641025641,98.9614243323442,0.0217054263565891,0.978294573643411,No,No,,0.6,Brett Favre,Mike Sherman
2004,IND,AFC,3.0,12,4,0.75,171,0.411755179717219,-0.0028089235363183,0.181134886502518,0.0539405095252449,0.105896794240431,-0.071850583011589,3.36574420344054,0.0697674418604651,0.0697674418604651,98.9197530864198,0.0239316239316239,0.976068376068376,No,Yes,10.0,0.8,Peyton Manning,Tony Dungy
2004,MIN,NFC,5.0,8,8,0.5,10,0.287195440601691,-0.0930716383365225,0.10836574562733,0.103026268162683,0.187071616307976,-0.0129607732884926,2.98165137614679,0.0619047619047619,0.0619047619047619,96.5089216446858,0.0652173913043478,0.934782608695652,No,No,,0.2,Daunte Culpepper,Mike Tice
2004,NE,AFC,2.0,14,2,0.875,177,0.227695169059561,-0.0364839672978648,0.103677613665921,-0.0436854275586713,-0.0511801967934737,-0.151451410564008,3.57142857142857,0.0708782742681048,0.0708782742681048,98.007662835249,0.0477941176470588,0.952205882352941,SB Winner,Yes,1.0,0.8,Tom Brady,Bill Belichick
2004,NYJ,AFC,6.0,10,6,0.625,72,0.0168901217102887,0.0559830190374073,0.0394036553227115,-0.0236598623870109,0.0523297063247779,-0.184693678619466,2.8594122319301,0.0622837370242214,0.0622837370242214,97.5279106858054,0.060077519379845,0.939922480620155,No,No,,0.4,Chad Pennington,Herm Edwards
2004,PHI,NFC,1.0,13,3,0.8125,126,0.139441814513614,-0.0601827800507951,0.0717086130933109,-0.0330880969539408,-0.005854509754574,-0.0603881115072842,3.42066957787481,0.0716463414634146,0.0716463414634146,97.184231697506,0.054773082942097,0.945226917057903,SB Runner-up,Yes,6.0,0.6,Donovan McNabb,Andy Reid
2004,PIT,AFC,1.0,15,1,0.9375,121,0.133324151456956,-0.0277240580359066,0.0381311703043147,-0.0627347521051896,-0.119171487085983,-0.15411333894567,3.59897172236505,0.0735551663747811,0.0735551663747811,97.2071373157486,0.0801781737193764,0.919821826280624,Conf Runner-up,Yes,9.0,1.0,Ben Roethlisberger,Bill Cowher
2004,SEA,NFC,4.0,9,7,0.5625,-2,0.0919393794380341,-0.0402750970591802,0.0286054289253464,0.0294053231130524,0.0101479949568336,-0.0103821126557623,2.7006751687922,0.0568720379146919,0.0568720379146919,97.5243810952738,0.0542763157894737,0.945723684210526,No,No,,0.6,Matt Hasselbeck,Mike Holmgren
2005,CAR,NFC,2.0,11,5,0.6875,132,0.122600686976922,-0.116250704683604,0.040969711618853,-0.071053900939847,-0.0522345474414997,-0.213181222149923,3.3976833976834,0.07085346215781,0.07085346215781,97.8278358809332,0.0512333965844402,0.94876660341556,Conf Runner-up,No,,0.6,Jake Delhomme,John Fox
2005,CHI,NFC,4.0,11,5,0.6875,58,-0.146834436314052,-0.12876348031745,-0.10796231086693,-0.142304661941373,-0.186906694466573,-0.136122981653062,2.99177262528048,0.0625,0.0625,97.4652493867539,0.0643153526970954,0.935684647302905,No,No,,0.6,Kyle Orton,Lovie Smith
2005,CIN,AFC,5.0,11,5,0.6875,71,0.16023069980628,0.0231046920858321,0.0968915163172653,0.0435418094695792,0.0375717353274006,-0.0226280433953457,2.32371794871795,0.05,0.05,98.3371126228269,0.0361842105263158,0.963815789473684,No,No,,0.6,Carson Palmer,Marvin Lewis
2005,DEN,AFC,2.0,13,3,0.8125,137,0.111107298052962,0.0671758744138336,0.080582071582726,-0.0294477088199118,-0.0322582351124454,-0.0915884333126412,2.20868240670221,0.041726618705036,0.041726618705036,98.1481481481482,0.0451977401129944,0.954802259887006,Conf Runner-up,Yes,3.0,0.8,Jake Plummer,Mike Shanahan
2005,IND,AFC,1.0,14,2,0.875,192,0.337267284606976,-0.0070973518129808,0.13331506505907,-0.0246917784929129,-0.0498310884121807,-0.0742157021188624,3.63489499192246,0.0760135135135135,0.0760135135135135,98.4227129337539,0.034965034965035,0.965034965034965,No,No,,0.6,Peyton Manning,Tony Dungy
2005,JAX,AFC,3.0,12,4,0.75,92,0.112858387819177,-0.0771002620940887,0.0204953891217164,-0.0617827182840122,-0.0330582381023882,-0.112187443348441,3.61067503924646,0.0789022298456261,0.0789022298456261,97.4416854778029,0.0594405594405594,0.94055944055944,No,No,,0.8,Byron Leftwich,Jack Del Rio
2005,NE,AFC,6.0,10,6,0.625,41,0.180538610294941,-0.0802042260124296,0.0848684720297707,0.0520940866887143,0.119682459157344,-0.0924037392550569,2.44088482074753,0.0522022838499184,0.0522022838499184,97.910447761194,0.0443740095087163,0.955625990491284,No,Yes,8.0,0.8,Tom Brady,Bill Belichick
2005,NYG,NFC,3.0,11,5,0.6875,108,0.0886164529364759,-0.0231918531161603,0.0521824108405007,-0.0293669931462173,0.0224788041840258,-0.161423534298172,2.91400142146411,0.0608308605341246,0.0608308605341246,98.0659025787966,0.0416024653312789,0.958397534668721,No,No,,0.8,Eli Manning,Tom Coughlin
2005,PIT,AFC,4.0,11,5,0.6875,131,0.20153802794171,-0.0669510036153365,0.0548190820767872,-0.0501323301481992,-0.0498313605907358,-0.142647401780753,3.671875,0.0740157480314961,0.0740157480314961,97.444089456869,0.0701754385964912,0.929824561403509,SB Winner,Yes,3.0,0.8,Ben Roethlisberger,Bill Cowher
2005,SEA,NFC,1.0,13,3,0.8125,181,0.20547123205765,0.1003430075278,0.116129840808039,-0.0234201474153184,0.043242363548282,-0.189020872702241,3.57925493060629,0.0728083209509658,0.0728083209509658,98.036253776435,0.0471014492753623,0.952898550724638,SB Runner-up,Yes,5.5,0.8,Matt Hasselbeck,Mike Holmgren
2005,TB,NFC,5.0,11,5,0.6875,26,-0.0640146379448168,-0.0659067416943124,-0.0376129337717608,-0.0567109155275362,-0.033352734975137,-0.181281997684927,2.84321689683184,0.0616197183098592,0.0616197183098592,96.8992248062016,0.0714285714285714,0.928571428571429,No,No,,0.8,Chris Simms,Jon Gruden
2005,WAS,NFC,6.0,10,6,0.625,66,0.100216735027407,-0.0828846267097551,0.0261144430794643,-0.0252298125578466,-0.0327476907037189,-0.0938093235025442,2.71950271950272,0.0564516129032258,0.0564516129032258,97.6744186046512,0.0551601423487545,0.944839857651246,No,No,,1.0,Mark Brunell,Joe Gibbs
2006,BAL,AFC,2.0,13,3,0.8125,152,0.105983250581753,-0.175562735200931,-0.019385997588087,-0.152529073912736,-0.190807849667837,-0.262430588090085,13.4266886326194,0.0988467874794069,0.268533772652389,93.8271604938271,0.0293609671848014,0.861830742659758,No,No,,0.8,Steve McNair,Brian Billick
2006,CHI,NFC,1.0,13,3,0.8125,172,-0.0393482216047438,-0.0541036911405483,-0.0235888726935309,-0.160128508666998,-0.178215333614372,-0.168645975427601,8.30882352941174,0.058282208588957,0.173312883435583,93.7685459940653,0.0424778761061947,0.851327433628319,SB Runner-up,Yes,2.5,0.8,Rex Grossman,Lovie Smith
2006,DAL,NFC,4.0,9,7,0.5625,75,0.143173276474247,-0.021197962302021,0.0564006632858683,-0.0069456659822933,0.0340888207156544,-0.0749203448147556,6.83624801271861,0.0564784053156146,0.142857142857143,92.6096997690531,0.0610561056105611,0.841584158415842,No,No,,0.4,Tony Romo,Bill Parcells
2006,IND,AFC,4.0,12,4,0.75,67,0.293241390592103,-0.0434247093877121,0.11476315914917,0.0635620847277935,0.0560216844202415,0.0817076068640582,6.26016260162602,0.0518672199170125,0.159751037344398,95.46875,0.0250836120401338,0.903010033444816,SB Winner,Yes,3.5,0.4,Peyton Manning,Tony Dungy
2006,KC,AFC,6.0,9,7,0.5625,16,0.0324760415733443,-0.0501995393292865,0.0052894399017571,-0.007753521881893,0.023337176883823,-0.0602936253820466,6.65622552858261,0.0562390158172232,0.149384885764499,92.3622047244094,0.0788461538461538,0.813461538461538,No,No,,0.4,Damon Huard,Herm Edwards
2006,NE,AFC,3.0,12,4,0.75,148,0.120911378338017,-0.0074360267617617,0.0371380799011578,-0.0849839108698926,-0.0602317087268352,-0.153677467092683,11.2903225806451,0.0713101160862355,0.232172470978441,93.1921331316187,0.0484140233722871,0.84974958263773,Conf Runner-up,Yes,9.5,0.8,Tom Brady,Bill Belichick
2006,NO,NFC,2.0,10,6,0.625,91,0.160270158955614,-0.0488878662670312,0.0480892928140082,-0.0280819695954076,-0.0061130894655209,-0.0665085251649865,10.4918032786885,0.0687160940325497,0.231464737793852,94.2689199118295,0.0361067503924647,0.877551020408163,Conf Runner-up,Yes,5.5,0.6,Drew Brees,Sean Payton
2006,NYG,NFC,6.0,8,8,0.5,-7,-0.0190200331290649,-0.0191462820813324,-0.026152611308395,-0.022505597282193,0.0315754498849859,-0.127062273637345,7.1001494768311,0.0490045941807044,0.145482388973966,94.5384615384615,0.0431778929188256,0.877374784110535,No,No,,0.4,Eli Manning,Tom Coughlin
2006,NYJ,AFC,5.0,10,6,0.625,21,0.0565749878298595,-0.109842614787778,0.0100220407667783,-0.0081820931055924,-0.0485285535445291,0.0234950379224349,6.86427457098283,0.0586264656616415,0.147403685092127,93.3073929961089,0.0584070796460177,0.847787610619469,No,No,,0.8,Chad Pennington,Eric Mangini
2006,PHI,NFC,3.0,10,6,0.625,70,0.118742364965241,-0.0491908824443273,0.0168802024480236,-0.0381053139861702,-0.0589871600985016,-0.0796266454509434,7.91208791208793,0.0646203554119548,0.174474959612278,93.7205651491366,0.0448,0.872,No,Yes,6.5,1.0,Donovan McNabb,Andy Reid
2006,SEA,NFC,5.0,9,7,0.5625,-6,-0.0288130697950115,-0.13023193032159,-0.0527759587088665,-0.0472825832941586,-0.0015059630698091,-0.0768688321926246,7.92307692307693,0.0726643598615917,0.178200692041523,91.0170749814402,0.080672268907563,0.796638655462185,No,Yes,1.0,0.4,Matt Hasselbeck,Mike Holmgren
2007,DAL,NFC,2.0,13,3,0.8125,130,0.227554284763305,-0.0708226685311762,0.094741193482909,-0.0131837921798857,-0.0014462924228332,-0.110792467222517,9.53846153846154,0.0701219512195122,0.189024390243902,94.8859166011015,0.0435510887772194,0.891122278056951,No,No,,0.6,Tony Romo,Wade Phillips
2007,GB,NFC,1.0,13,3,0.8125,144,0.183504270857044,-0.109088068855484,0.0804355114594012,-0.0421084461781158,-0.026309578280323,-0.0845781664533483,8.42824601366743,0.0562700964630225,0.178456591639871,94.344069128044,0.0302066772655008,0.885532591414944,Conf Runner-up,Yes,9.0,0.6,Brett Favre,Mike McCarthy
2007,IND,AFC,2.0,13,3,0.8125,188,0.223492599896582,0.0254512466627146,0.104281505962248,-0.0550367250601953,-0.0710583859154875,-0.107521617313435,6.27546862265689,0.048951048951049,0.134615384615385,93.9512961508248,0.0385906040268456,0.870805369127517,No,No,,0.8,Peyton Manning,Tony Dungy
2007,JAX,AFC,4.0,11,5,0.6875,107,0.191257439307246,0.016763366594134,0.0826524494647254,-0.0150227568743658,-0.0142589269422346,-0.0741047825310649,8.03571428571428,0.0588235294117647,0.157392686804452,92.5117004680187,0.055045871559633,0.823853211009174,No,Yes,2.5,0.6,David Garrard,Jack Del Rio
2007,NE,AFC,1.0,16,0,1.0,315,0.422303566354676,0.0038006161487927,0.213978785416016,-0.0436476536470263,-0.11884932599189,-0.0110444804910475,10.3588907014682,0.0778145695364238,0.210264900662252,94.1397445529677,0.0321592649310873,0.880551301684533,SB Runner-up,Yes,13.5,1.0,Tom Brady,Bill Belichick
2007,NYG,NFC,4.0,10,6,0.625,22,-0.0624471799881657,-0.0080847742468592,-0.0124956929864908,-0.0311958287306345,-0.0076452896457813,-0.150026311513799,10.9133126934984,0.0851063829787234,0.230769230769231,93.928035982009,0.0462046204620462,0.866336633663366,SB Winner,No,,0.6,Eli Manning,Tom Coughlin
2007,PIT,AFC,5.0,10,6,0.625,124,0.19984156288237,-0.0995811071806246,0.0659205239954766,-0.045987581177566,-0.0654562844479722,-0.132825544683914,7.91426215993408,0.0597014925373134,0.159203980099502,91.6331456154465,0.0893536121673004,0.802281368821293,No,No,,0.4,Ben Roethlisberger,Mike Tomlin
2007,SEA,NFC,3.0,10,6,0.625,102,0.106633229755226,-0.157553774528386,0.002136656611031,-0.082996229546531,-0.085582549846071,-0.177919865984406,9.56973293768548,0.0681818181818182,0.195454545454545,92.2155688622754,0.0548780487804878,0.841463414634146,No,Yes,3.0,0.6,Matt Hasselbeck,Mike Holmgren
2007,TB,NFC,5.0,9,7,0.5625,64,0.0596281389108593,-0.100138734415607,-0.0153743456290972,-0.0761793363386369,-0.0800223952635927,-0.120350007985894,7.82889426957224,0.0576576576576577,0.174774774774775,91.4125200642055,0.0625,0.814236111111111,No,No,,0.4,Jeff Garcia,Jon Gruden
2007,TEN,AFC,6.0,10,6,0.625,4,-0.0029561571623251,-0.138820527814494,-0.041688927731525,-0.0502521327755579,-0.0767023641722662,-0.0780759611714739,10.840534171249,0.0605590062111801,0.214285714285714,93.725793958172,0.0537634408602151,0.854838709677419,No,No,,0.8,Vince Young,Jeff Fisher
2007,WAS,NFC,6.0,9,7,0.5625,24,0.0867274072629438,-0.198718066246901,-0.0251739230106401,-0.0450716546660593,-0.0087226968473858,-0.118879520776898,6.64150943396226,0.04644412191582,0.127721335268505,92.9110105580694,0.0472972972972973,0.841216216216216,No,No,,0.8,Jason Campbell,Joe Gibbs
2008,ARI,NFC,6.0,9,7,0.5625,1,0.137555126207143,-0.135997020806245,0.0315736237166772,0.0253831638939825,0.101994374469191,-0.077764230839615,7.56756756756756,0.0521885521885522,0.164983164983165,90.6491499227202,0.0405797101449275,0.82463768115942,SB Runner-up,Yes,2.0,0.4,Kurt Warner,Ken Whisenhunt
2008,ATL,NFC,3.0,11,5,0.6875,66,0.163411570168361,-0.020992997334507,0.0667827172590177,0.0108820221999891,0.0501498073241428,-0.0425967586659924,7.07070707070706,0.0550161812297735,0.147249190938511,95.9783449342614,0.0348360655737705,0.89344262295082,No,No,,0.8,Matt Ryan,Mike Smith
2008,BAL,AFC,4.0,11,5,0.6875,141,-0.0053018835316347,-0.0271619941231422,-0.0222758788421535,-0.156700647308642,-0.206594766714838,-0.236121950262972,9.48487326246934,0.0572831423895254,0.189852700490998,93.841642228739,0.0674603174603175,0.833333333333333,Conf Runner-up,Yes,3.5,0.8,Joe Flacco,John Harbaugh
2008,CAR,NFC,2.0,12,4,0.75,85,0.0727124653395487,0.0609763140393348,0.0475010332784005,-0.0256384542074135,-0.0255263123266906,-0.0441612640426718,6.32054176072235,0.0591054313099042,0.134185303514377,95.7826439578265,0.0440528634361234,0.885462555066079,No,No,,0.8,Jake Delhomme,John Fox
2008,IND,AFC,3.0,12,4,0.75,79,0.231287830181168,-0.0840074180793366,0.0836911960887269,0.0184295497592508,-0.0036093430558036,-0.0219210597817246,6.67209113100079,0.0561594202898551,0.148550724637681,94.728304947283,0.0224358974358974,0.895833333333333,No,No,,1.0,Peyton Manning,Tony Dungy
2008,MIA,AFC,5.0,11,5,0.6875,28,0.18141095397601,-0.0386338673226502,0.0577868569582738,0.038856034408242,0.0315957528385334,-0.0300157901482236,8.05422647527911,0.0640625,0.1578125,94.566098945661,0.0447761194029851,0.875,No,No,,1.0,Chad Pennington,Tony Sparano
2008,MIN,NFC,4.0,10,6,0.625,46,-0.0011909317636545,-0.0811666863223341,-0.0489084783494541,-0.0880406756161386,-0.0398384830181048,-0.227236763347318,10.2523659305993,0.0723472668810289,0.209003215434084,90.3448275862069,0.0816326530612245,0.766233766233766,No,No,,0.8,Gus Frerotte,Brad Childress
2008,NYG,NFC,1.0,12,4,0.75,133,0.129085660656598,0.0505377492354915,0.0883328517323802,-0.0225791009904029,-0.0245353286329842,-0.102574953220467,8.89967637540453,0.0731292517006803,0.187074829931973,93.4897804693414,0.0498220640569395,0.846975088967971,No,No,,0.4,Eli Manning,Tom Coughlin
2008,PHI,NFC,5.0,9,6,0.5625,127,0.0392752234682236,-0.0553764907872235,0.0002024152872764,-0.100481608020399,-0.171629825234155,-0.138274940741507,9.04214559386973,0.0790774299835255,0.194398682042834,94.4569288389513,0.0358744394618834,0.889387144992526,Conf Runner-up,Yes,3.0,0.8,Donovan McNabb,Andy Reid
2008,PIT,AFC,2.0,12,4,0.75,124,0.0204241218935644,-0.102624564656534,-0.0258919870969887,-0.13493059110861,-0.195495848472996,-0.181993213021648,9.77564102564102,0.082258064516129,0.196774193548387,90.527950310559,0.0846023688663283,0.793570219966159,SB Winner,Yes,6.0,0.8,Ben Roethlisberger,Mike Tomlin
2008,TEN,AFC,1.0,13,3,0.8125,141,0.0390592577972652,-0.0443604590411146,0.0034808764750994,-0.108474232865385,-0.132799616409093,-0.0887616951213342,10.6015037593985,0.0668693009118541,0.214285714285714,96.4,0.0238568588469185,0.910536779324056,No,No,,0.6,Kerry Collins,Jeff Fisher
2009,ARI,NFC,6.0,10,6,0.625,50,0.0373507702896935,-0.142919566507323,-0.0084375684416166,-0.0483657989050414,-0.0345036265205327,-0.0628369265033975,8.46441947565543,0.0634218289085546,0.166666666666667,91.4263445050663,0.0399385560675883,0.831029185867896,No,No,,0.6,Kurt Warner,Ken Whisenhunt
2009,BAL,AFC,5.0,9,7,0.5625,130,0.0781577785156047,0.0315317376978889,0.0441685922059646,-0.061723551065134,-0.0460735207937742,-0.146215187181974,6.99844479004664,0.0521172638436482,0.146579804560261,91.9230769230769,0.0626057529610829,0.822335025380711,No,No,,0.6,Joe Flacco,John Harbaugh
2009,CIN,AFC,4.0,10,6,0.625,14,0.0357362192932648,-0.0792482589499559,-0.0364274374418256,-0.0513998027582698,-0.0425422980799979,-0.0897831583605332,8.11455847255373,0.0560131795716639,0.168039538714992,93.7925813777441,0.052536231884058,0.851449275362319,No,No,,0.4,Carson Palmer,Marvin Lewis
2009,DAL,NFC,4.0,11,5,0.6875,111,0.176110979943132,-0.0388440600603195,0.0510167230940361,-0.0413919776335112,0.0206899340943397,-0.146007816122649,10.3125,0.0629685157421289,0.197901049475262,91.7241379310345,0.0544871794871795,0.826923076923077,No,Yes,3.5,0.6,Tony Romo,Wade Phillips
2009,GB,NFC,3.0,11,5,0.6875,164,0.213407139902196,-0.0183220096643304,0.0636541616624742,-0.0813306479746979,-0.0914311713912272,-0.242333842558733,9.84787830264211,0.0592,0.1968,89.7913561847988,0.0758725341426404,0.792109256449165,No,No,,0.8,Aaron Rodgers,Mike McCarthy
2009,IND,AFC,1.0,14,2,0.875,109,0.238809271807805,-0.0798132487876528,0.080663797259217,-0.0107141031947521,-0.0253990257821544,-0.0481776993424332,7.89085545722717,0.0526315789473684,0.165634674922601,95.6972111553785,0.0201238390092879,0.91640866873065,SB Runner-up,Yes,6.5,0.6,Peyton Manning,Jim Caldwell
2009,MIN,NFC,2.0,12,4,0.75,158,0.238782743768508,-0.131446511437634,0.0706716054749886,-0.0598463838037099,0.0035265781912284,-0.217064778738019,11.1910471622702,0.0759289176090469,0.226171243941842,91.5565345080764,0.0544871794871795,0.815705128205128,Conf Runner-up,Yes,2.5,0.4,Brett Favre,Brad Childress
2009,NE,AFC,3.0,10,6,0.625,142,0.220762288381009,-0.0332243810448907,0.07562961116394,-0.0383361993763274,0.0089355357360052,-0.0903461512860244,7.89473684210527,0.0543859649122807,0.168421052631579,93.7454010301692,0.0273141122913505,0.871016691957511,No,No,,0.6,Tom Brady,Bill Belichick
2009,NO,NFC,1.0,13,3,0.8125,169,0.229267318474634,-0.0284470146470984,0.0960779991638603,-0.0390727467259651,-0.0979594447226666,0.025391808461804,8.53293413173653,0.05625,0.178125,94.8601662887377,0.0353535353535354,0.885521885521885,SB Winner,Yes,4.0,0.4,Drew Brees,Sean Payton
2009,NYJ,AFC,6.0,9,7,0.5625,112,-0.151333669288038,0.0113944209257841,-0.0488939524287395,-0.146965205726107,-0.220648116147914,-0.10290855953082,7.91999999999999,0.0558464223385689,0.172774869109948,94.2989214175655,0.0656455142231947,0.838074398249453,Conf Runner-up,No,,0.8,Mark Sanchez,Rex Ryan
2009,PHI,NFC,5.0,11,5,0.6875,92,0.0894223361793771,-0.028478198794859,0.0236251920703297,-0.0492033527837891,-0.0364099579191963,-0.142276944496512,8.35164835164836,0.0648967551622419,0.168141592920354,92.7956147220047,0.0625,0.85625,No,No,,0.8,Donovan McNabb,Andy Reid
2010,ATL,NFC,1.0,13,3,0.8125,126,0.1622617672813,-0.065926475613429,0.0575828173273739,-0.043478135357776,0.0140469925055673,-0.147164487816766,6.99013157894737,0.0494417862838915,0.135566188197767,93.9524838012959,0.0345864661654135,0.873684210526316,No,No,,0.8,Matt Ryan,Mike Smith
2010,BAL,AFC,3.0,12,4,0.75,87,0.132878030272495,-0.102001141190825,0.0320849210837444,-0.03864972012864,0.0003281147745413,-0.137531987156705,6.73813169984686,0.0405405405405405,0.132132132132132,91.3010590015128,0.0696864111498258,0.799651567944251,No,Yes,3.0,0.8,Joe Flacco,John Harbaugh
2010,CHI,NFC,3.0,11,5,0.6875,48,-0.0525844481920767,-0.165855619205542,-0.0739356503609885,-0.10851462793228,-0.0684795779470514,-0.178939004261252,7.92917628945341,0.051051051051051,0.154654654654655,88.4615384615385,0.0955631399317406,0.75938566552901,Conf Runner-up,Yes,10.0,0.6,Jay Cutler,Lovie Smith
2010,GB,NFC,4.0,10,6,0.625,148,0.185978161127031,-0.117206993272196,0.0591090997888292,-0.0657313816203987,-0.0927769374435203,-0.146471509008944,10.4967948717949,0.0745542949756888,0.212317666126418,91.9152276295133,0.0585516178736518,0.841294298921418,SB Winner,Yes,3.0,0.6,Aaron Rodgers,Mike McCarthy
2010,IND,AFC,5.0,10,6,0.625,47,0.181543682233186,-0.0670433520773351,0.0754096157141678,0.0446209804537285,0.0519097943690127,-0.0437947673200596,7.1870170015456,0.0506756756756757,0.157094594594595,95.5619183965641,0.0222222222222222,0.913888888888889,No,No,,0.8,Peyton Manning,Jim Caldwell
2010,KC,AFC,6.0,10,6,0.625,40,0.0946561452117531,-0.0312844235372346,0.0175347289461209,-0.015332418862647,0.0127219962496037,-0.100634777992567,8.79038317054845,0.0592705167173252,0.177811550151976,92.3020527859237,0.0581818181818182,0.809090909090909,No,No,,0.6,Matt Cassel,Todd Haley
2010,NE,AFC,1.0,14,2,0.875,205,0.262601534098854,0.0955152955942368,0.161080502639495,-0.0079844831426848,0.0213068070318347,-0.0736122823127932,7.43243243243242,0.0515759312320917,0.141833810888252,94.0251572327044,0.0440917107583774,0.865961199294533,No,No,,1.0,Tom Brady,Bill Belichick
2010,NO,NFC,2.0,11,5,0.6875,77,0.121109112682972,-0.116746748724723,0.038319357899408,-0.0221605342684838,0.0178214647805158,-0.131718703224155,8.37398373983739,0.0573913043478261,0.179130434782609,93.3383233532934,0.0364656381486676,0.875175315568022,No,No,,0.6,Drew Brees,Sean Payton
2010,NYJ,AFC,4.0,11,5,0.6875,63,0.0167532720696278,-0.0560280400588071,0.0040401902503236,-0.0499132997325031,0.0288142249573676,-0.234974635789135,8.75290472501936,0.0644122383252818,0.181964573268921,94.4202898550725,0.0478632478632479,0.868376068376068,Conf Runner-up,No,,0.4,Mark Sanchez,Rex Ryan
2010,PHI,NFC,5.0,10,6,0.625,62,0.103437076487062,0.0284653677228575,0.0689064983740278,0.014114425991827,0.0893993891818367,-0.143084790930059,7.84313725490197,0.0588235294117647,0.160990712074303,89.4187779433681,0.0702005730659026,0.796561604584527,No,No,,0.6,Michael Vick,Andy Reid
2010,PIT,AFC,2.0,12,4,0.75,143,0.166101220656136,-0.120886902780066,0.0343876644417533,-0.0872858311309526,-0.0916056842064958,-0.188013267399252,9.73871733966748,0.0675287356321839,0.176724137931034,90.9803921568627,0.0771992818671454,0.793536804308797,SB Runner-up,Yes,3.5,0.8,Ben Roethlisberger,Mike Tomlin
2010,SEA,NFC,6.0,7,9,0.4375,-97,-0.0681718406266943,-0.193700211826075,-0.0645443635542845,0.0126982063796963,0.110791762486741,-0.0699783854303608,8.15731973780042,0.0567484662576687,0.171779141104294,92.4662965900079,0.0565428109854604,0.846526655896607,No,No,,0.4,Matt Hasselbeck,Pete Carroll
2011,ATL,NFC,5.0,10,6,0.625,52,0.130047290552126,-0.08883613368833,0.0169132018910939,-0.0258456189687728,0.0401375741733553,-0.167321689095751,9.00398406374501,0.0518053375196232,0.177394034536892,92.0669577874818,0.0386329866270431,0.838038632986627,No,No,,0.6,Matt Ryan,Mike Smith
2011,BAL,AFC,2.0,12,4,0.75,112,0.110283975773458,-0.0546343751388238,-0.0018162872267019,-0.0918435192409859,-0.110505138183154,-0.149558154221638,10.3634957463264,0.0760697305863708,0.212361331220285,92.2672672672673,0.0532258064516129,0.833870967741935,Conf Runner-up,Yes,7.5,0.8,Joe Flacco,John Harbaugh
2011,CIN,AFC,5.0,9,7,0.5625,21,0.0035796103967852,-0.0798116443548047,-0.0349054258775497,-0.0537591707419539,-0.0073764651279385,-0.11229352005921,11.2128146453089,0.0726978998384491,0.237479806138934,93.591654247392,0.04,0.8624,No,No,,0.4,Andy Dalton,Marvin Lewis
2011,DEN,AFC,6.0,8,8,0.5,-81,-0.101983819099071,-0.0743360115021405,-0.0696934764992887,-0.0044838454824581,0.0688885950813165,-0.0823612230902672,8.70827285921625,0.0660225442834139,0.193236714975845,91.7910447761194,0.0785046728971963,0.794392523364486,No,No,,0.4,Tim Tebow,John Fox
2011,DET,NFC,4.0,10,6,0.625,87,0.102076424179341,-0.104203885620859,0.0093561294160149,-0.0453263017683659,-0.0550680365921018,-0.0779708224435988,8.14285714285714,0.0584878744650499,0.16262482168331,91.4608327452364,0.0498034076015727,0.841415465268676,No,No,,0.6,Matthew Stafford,Jim Schwartz
2011,GB,NFC,1.0,15,1,0.9375,201,0.403356828783824,-0.113793763042792,0.175457658155392,0.0130219704701222,0.045779448762334,0.0172367665329099,7.27542687453602,0.0408450704225352,0.138028169014085,91.5589353612167,0.0626911314984709,0.830275229357798,No,No,,0.8,Aaron Rodgers,Mike McCarthy
2011,HOU,AFC,4.0,10,6,0.625,103,0.116002687833519,-0.0678483223106537,-0.0001751246123388,-0.0889476480683846,-0.087282083711106,-0.145090691825934,12.0188531029065,0.0698412698412698,0.242857142857143,92.5981873111783,0.0625,0.81439393939394,No,Yes,4.0,0.4,Matt Schaub,Gary Kubiak
2011,NE,AFC,1.0,13,3,0.8125,171,0.301179165961694,0.0240284897433984,0.174504603601745,0.0449004938164896,0.137863490720806,-0.0780255625064065,9.86121256391527,0.0554785020804438,0.187239944521498,92.7442528735632,0.0465116279069767,0.853197674418605,SB Runner-up,Yes,7.0,1.0,Tom Brady,Bill Belichick
2011,NO,NFC,2.0,13,3,0.8125,208,0.306738802991088,0.0119090185302443,0.153400563071586,-0.015973784132023,0.0291601236525773,-0.0896239194271969,8.6156111929308,0.0467032967032967,0.160714285714286,94.6808510638298,0.032967032967033,0.896978021978022,No,Yes,10.5,1.0,Drew Brees,Sean Payton
2011,NYG,NFC,6.0,9,7,0.5625,-6,0.163921627744458,-0.13078506687774,0.0422080792399004,0.0474695359531805,0.125778439855124,-0.0424755071549232,9.82532751091701,0.0701754385964912,0.197368421052632,92.6284437825763,0.0424886191198786,0.849772382397572,SB Winner,Yes,3.0,0.6,Eli Manning,Tom Coughlin
2011,PIT,AFC,3.0,12,4,0.75,98,0.133974392614716,-0.0647615753315357,0.0246023715490867,-0.059485561295359,-0.0499347500413984,-0.107736311699335,8.58299595141702,0.0571895424836601,0.173202614379085,90.8665105386417,0.0669856459330144,0.813397129186603,No,No,,0.8,Ben Roethlisberger,Mike Tomlin
2011,SF,NFC,3.0,13,3,0.8125,151,0.0614422205027005,-0.0912373317685045,0.0105943519082968,-0.12146887433828,-0.0663043196731022,-0.229585871000586,10.655090765588,0.0618556701030928,0.198821796759941,90.5384615384615,0.0804387568555759,0.775137111517368,Conf Runner-up,No,,0.8,Alex Smith,Jim Harbaugh
2012,ATL,NFC,1.0,13,3,0.8125,120,0.231860883952863,-0.194512840639008,0.0654189467078445,-0.0368099304837387,-0.0149126541639721,-0.0783317667879875,7.75930324623912,0.0467741935483871,0.158064516129032,91.4086687306501,0.0402298850574713,0.84051724137931,Conf Runner-up,Yes,2.5,0.6,Matt Ryan,Mike Smith
2012,BAL,AFC,6.0,10,6,0.625,54,0.0719473279513659,-0.0425109040707354,0.0484911433118283,0.0100807148981778,0.0558966151919502,-0.0912522358197154,8.49256900212314,0.0574534161490683,0.186335403726708,92.2909090909091,0.058641975308642,0.83641975308642,SB Winner,Yes,7.5,0.2,Joe Flacco,John Harbaugh
2012,CIN,AFC,5.0,10,6,0.625,71,0.018531934953976,-0.0338091653244722,0.0114189524887839,-0.0449459246602826,-0.0397629506435093,-0.0836099728821429,10.4947526236882,0.0779816513761468,0.214067278287462,91.8693009118541,0.0727848101265823,0.830696202531646,No,No,,0.8,Andy Dalton,Marvin Lewis
2012,DEN,AFC,1.0,13,3,0.8125,192,0.271729602683246,-0.107772167526302,0.0920979994825848,-0.053672037632809,-0.0717464883588156,-0.128521746090535,10.7011070110701,0.077727952167414,0.216741405082212,94.9358059914408,0.0324074074074074,0.890432098765432,No,No,,1.0,Peyton Manning,John Fox
2012,GB,NFC,4.0,11,5,0.6875,97,0.220263107335215,-0.111222396692124,0.0708482659702902,-0.0038885526354117,0.0352258729083873,-0.0523314458002201,9.64391691394659,0.069219440353461,0.191458026509573,90.2777777777778,0.0734870317002882,0.80835734870317,No,Yes,10.5,0.8,Aaron Rodgers,Mike McCarthy
2012,HOU,AFC,3.0,12,4,0.75,85,0.163466814571292,-0.0457606443149239,0.0331597869974251,-0.0360979778255023,-0.0420780454879801,-0.148759920608773,11.2443778110945,0.0641399416909621,0.21865889212828,92.7246790299572,0.0461285008237232,0.831960461285008,No,Yes,4.0,0.4,Matt Schaub,Gary Kubiak
2012,IND,AFC,4.0,11,5,0.6875,-30,0.0931073908082428,-0.0737628384362286,0.0196286492281277,0.0475799549310677,0.124352292456122,0.0049997440493388,7.6219512195122,0.0509554140127389,0.159235668789809,89.2706872370266,0.055256064690027,0.793800539083558,No,No,,0.8,Andrew Luck,Chuck Pagano
2012,MIN,NFC,6.0,10,6,0.625,31,0.0300375802614165,-0.0103915774313183,0.0266970812178642,-0.0013155621987817,0.11202608397097,-0.158065971935825,9.3839541547278,0.0605226960110041,0.18019257221458,92.7626459143969,0.0550774526678141,0.839931153184165,No,No,,0.8,Christian Ponder,Leslie Frazier
2012,NE,AFC,2.0,12,4,0.75,226,0.280423347284222,0.0307669484012618,0.147009219991361,-0.0098234549209139,0.0898016486204943,-0.18842927946606,7.81021897810216,0.0537010159651669,0.155297532656023,93.7123745819398,0.0380281690140845,0.867605633802817,Conf Runner-up,Yes,9.5,0.8,Tom Brady,Bill Belichick
2012,SEA,NFC,2.0,11,5,0.6875,167,0.213033480082902,-0.0047552460779154,0.0928531700936961,-0.0508434578120491,-0.0434110146735411,-0.0738047378162066,9.02555910543129,0.0552995391705069,0.17357910906298,92.4170616113744,0.0628571428571429,0.817142857142857,No,Yes,3.0,1.0,Russell Wilson,Pete Carroll
2012,SF,NFC,3.0,11,4,0.6875,124,0.169827735277612,0.0290131674663616,0.0585679648447996,-0.0480674362978089,-0.0277028718187125,-0.153607172531322,7.93287566742943,0.0569715142428786,0.15592203898051,91.4081145584725,0.0763500931098696,0.798882681564246,SB Runner-up,Yes,3.0,0.6,Alex Smith,Jim Harbaugh
2012,WAS,NFC,5.0,10,6,0.625,48,0.232776096977738,0.0320798045530464,0.083161668775555,0.0403499604752577,0.0794041239721775,-0.031304351053581,7.83582089552239,0.0443213296398892,0.145429362880886,91.4307574598317,0.0615671641791045,0.791044776119403,No,No,,1.0,Robert Griffin,Mike Shanahan
2013,CAR,NFC,3.0,12,4,0.75,125,0.130027828630714,-0.0556463128751379,0.0475784066413,-0.055475588302528,-0.0594051895548362,-0.163614277030893,12.8,0.0888888888888889,0.237037037037037,91.4604948124501,0.0747826086956522,0.813913043478261,No,No,,0.8,Cam Newton,Ron Rivera
2013,CIN,AFC,3.0,11,5,0.6875,125,0.107549505585259,-0.0873700553609644,0.0225294280219124,-0.0748193680716478,-0.0820176338522325,-0.13210559293632,10.6927710843374,0.0612535612535613,0.202279202279202,94.5770065075922,0.0434131736526946,0.887724550898204,No,No,,0.8,Andy Dalton,Marvin Lewis
2013,DEN,AFC,1.0,13,3,0.8125,207,0.344097429731749,-0.0296381988231175,0.168864046876621,0.0218459271021094,0.0858077003907804,-0.178423436216291,9.01467505241089,0.0559345156889495,0.175989085948158,95.0335570469799,0.027027027027027,0.9,SB Runner-up,Yes,5.0,0.8,Peyton Manning,John Fox
2013,GB,NFC,6.0,8,7,0.5,-11,0.10931331826456,0.00327713083337,0.0566069113984778,0.0642008292629554,0.11168146271205,0.0188455763185508,8.02422407267221,0.0697305863708399,0.167987321711569,91.5942028985507,0.066079295154185,0.829662261380323,No,No,,0.6,Aaron Rodgers,Mike McCarthy
2013,IND,AFC,5.0,11,5,0.6875,55,0.10992028985911,-0.071368034774765,0.0447767501971189,-0.0014294711823234,0.0858273306229383,-0.0914288050881388,9.07012195121951,0.0658307210031348,0.186520376175549,89.6992481203008,0.0456490727532097,0.804564907275321,No,No,,0.8,Andrew Luck,Chuck Pagano
2013,KC,AFC,4.0,11,5,0.6875,125,0.0732608055022013,-0.0652112368467974,0.0420271814364285,-0.0560333760088526,-0.0162350743576188,-0.111792316398856,8.65800865800868,0.0661040787623066,0.168776371308017,91.6420118343195,0.0611940298507463,0.83134328358209,No,No,,0.4,Alex Smith,Andy Reid
2013,NE,AFC,2.0,12,4,0.75,106,0.155459436549394,-0.0795333528093261,0.0715771303422955,-0.0056039774841374,0.0426300549188362,-0.0649443382922797,9.80253878702398,0.0700729927007299,0.202919708029197,91.9753086419753,0.0563380281690141,0.835211267605634,Conf Runner-up,Yes,7.5,0.8,Tom Brady,Bill Belichick
2013,NO,NFC,4.0,11,5,0.6875,110,0.208792130980635,-0.0796190682144816,0.0728813145030551,-0.015988927784857,-0.0349083080282961,-0.028936089331151,11.5008156606852,0.0808580858085809,0.232673267326733,91.9155134741442,0.0500676589986468,0.84979702300406,No,No,,0.4,Drew Brees,Sean Payton
2013,PHI,NFC,5.0,10,6,0.625,60,0.17797118970452,-0.0110242811920198,0.0676490908732392,0.020436173303155,0.106117702836147,-0.187159343276136,7.22563053851397,0.0476190476190476,0.136422136422136,90.7044299201162,0.0736,0.7952,No,No,,0.8,Nick Foles,Chip Kelly
2013,SEA,NFC,1.0,13,3,0.8125,186,0.188351487219807,-0.100877828441866,0.0351300360869608,-0.118913804837847,-0.16494520792744,-0.128023763298116,10.7668474051123,0.0680061823802164,0.21483771251932,89.4488188976378,0.0805860805860806,0.754578754578755,SB Winner,Yes,4.0,0.6,Russell Wilson,Pete Carroll
2013,SF,NFC,2.0,12,4,0.75,134,0.15574810470635,-0.110323917428581,0.0365892307709471,-0.0760124973843894,-0.0391631553683605,-0.144825475471501,8.8368580060423,0.0569715142428786,0.175412293853073,92.32,0.0737240075614367,0.818525519848771,Conf Runner-up,Yes,3.0,1.0,Colin Kaepernick,Jim Harbaugh
2014,ARI,NFC,5.0,11,5,0.6875,11,0.0562735415862142,-0.165937028958589,-0.0618443625147362,-0.0763933833439232,-0.0047069348345731,-0.135796583524679,9.04214559386977,0.0512445095168375,0.172767203513909,90.5775075987842,0.0422322775263952,0.812971342383107,No,No,,0.4,Drew Stanton,Bruce Arians
2014,BAL,AFC,5.0,10,6,0.625,107,0.146861605257283,-0.0479801553621403,0.0546635794501605,-0.0364339922415856,0.0663259051631654,-0.218462113555518,11.9259259259259,0.0696022727272727,0.228693181818182,94.3683409436834,0.0306451612903226,0.880645161290323,No,No,,0.6,Joe Flacco,John Harbaugh
2014,CAR,NFC,6.0,7,8,0.4375,-35,0.0591117610255782,-0.104463810524475,-0.0310005939395151,-0.0119856319707568,0.0507533588022362,-0.0761540714415548,9.12636505460217,0.0623052959501558,0.182242990654206,92.0412675018423,0.0643185298621746,0.834609494640123,No,Yes,5.5,0.8,Cam Newton,Ron Rivera
2014,CIN,AFC,6.0,10,5,0.625,21,-0.0153348157700558,-0.0205121480331142,-0.0153859382227884,-0.0298646363762695,0.0168699150852679,-0.0556452750806025,6.7055393586006,0.0290275761973875,0.133526850507983,94.7806354009077,0.0393162393162393,0.882051282051282,No,No,,0.6,Andy Dalton,Marvin Lewis
2014,DAL,NFC,3.0,12,4,0.75,115,0.285899529219638,-0.0676654040234404,0.0843403618708595,-0.0158644564636284,0.0565276260766917,-0.089478641779766,8.19672131147541,0.0434782608695652,0.16304347826087,93.874425727412,0.0548446069469835,0.853747714808044,No,Yes,6.0,0.8,Tony Romo,Jason Garrett
2014,DEN,AFC,2.0,12,4,0.75,128,0.19008299118353,-0.0750644133493334,0.0524824070255094,-0.0473742357491873,0.0048491009896486,-0.199984841037609,9.51327433628317,0.0546666666666667,0.172,95.7142857142857,0.0253731343283582,0.91044776119403,No,No,,0.8,Peyton Manning,John Fox
2014,DET,NFC,4.0,11,5,0.6875,39,0.0740252248273472,-0.161030624603345,-0.0587785732853126,-0.0879042819359787,0.0017661223242527,-0.306888386435838,11.9195046439628,0.060431654676259,0.22158273381295,89.8176291793313,0.0639204545454545,0.809659090909091,No,No,,0.8,Matthew Stafford,Jim Caldwell
2014,GB,NFC,2.0,12,4,0.75,138,0.315502060999513,-0.133044815054081,0.0933455760451374,-0.0230562289656895,0.0062549012372418,-0.11340049195148,9.73254086181279,0.0616541353383459,0.196992481203008,92.9783950617284,0.0475435816164818,0.855784469096672,Conf Runner-up,Yes,5.5,0.8,Aaron Rodgers,Mike McCarthy
2014,IND,AFC,3.0,11,5,0.6875,89,0.144678379353531,-0.22294265275625,0.0301013416856227,-0.0444891048773373,0.016418474757946,-0.122540155733476,9.33032355154251,0.0646687697160883,0.195583596214511,90.1905434015526,0.0376623376623377,0.81948051948052,Conf Runner-up,Yes,3.5,0.8,Andrew Luck,Chuck Pagano
2014,NE,AFC,1.0,12,4,0.75,155,0.171373299254692,-0.0459907930074626,0.0672709301971512,-0.0541944185852983,0.0262595960236447,-0.111799775954504,8.86075949367088,0.0583941605839416,0.173722627737226,92.1526277897768,0.037463976945245,0.842939481268012,SB Winner,Yes,1.0,0.6,Tom Brady,Bill Belichick
2014,PIT,AFC,4.0,11,5,0.6875,68,0.243399119441707,-0.0838702578066502,0.0784922249649986,0.0284357815530588,0.115326394820657,-0.106651020763335,9.18614020950847,0.0520504731861199,0.17981072555205,93.2017543859649,0.0484581497797357,0.863436123348018,No,No,,0.8,Ben Roethlisberger,Mike Tomlin
2014,SEA,NFC,1.0,12,4,0.75,140,0.138863246851618,0.0295028806497014,0.0298512729767507,-0.0933342441367984,-0.0363957536332786,-0.231415823630569,9.77198697068409,0.0615640599001664,0.199667221297837,89.8617511520738,0.0735551663747811,0.768826619964974,SB Runner-up,Yes,8.5,1.0,Russell Wilson,Pete Carroll
2015,ARI,NFC,2.0,13,3,0.8125,176,0.260051488440606,-0.058725694101099,0.0752636215593361,-0.0713229878881049,-0.0176708577999854,-0.245258048571933,10.6431852986218,0.053019145802651,0.204712812960236,90.4656319290466,0.0421216848673947,0.798751950078003,Conf Runner-up,Yes,7.0,0.8,Carson Palmer,Bruce Arians
2015,CAR,NFC,1.0,15,1,0.9375,192,0.152836881902447,-0.0216492859331197,0.0584783146990139,-0.0981032066501503,-0.0979850665033528,-0.169370504144946,11.2177121771218,0.0582010582010582,0.201058201058201,93.2895696571845,0.0556492411467116,0.844856661045531,SB Runner-up,Yes,2.5,0.8,Cam Newton,Ron Rivera
2015,CIN,AFC,2.0,12,4,0.75,140,0.229042361279186,-0.141065950730322,0.0491059689575423,-0.0682156301056459,-0.0383041481933636,-0.113373553138344,11.0861423220974,0.0563758389261745,0.198657718120805,93.1591083781707,0.0524590163934426,0.854098360655738,No,No,,0.6,Andy Dalton,Marvin Lewis
2015,DEN,AFC,3.0,12,4,0.75,59,-0.0412863444525402,-0.119978080744948,-0.0564545060098407,-0.0997054079178766,-0.103642587260763,-0.186942592672741,12.5,0.0748201438848921,0.246043165467626,89.9630996309963,0.0565217391304348,0.802898550724638,SB Winner,Yes,7.0,0.6,Peyton Manning,Gary Kubiak
2015,GB,NFC,5.0,10,6,0.625,45,0.0786681655115637,-0.136019484736587,0.0057021493016177,-0.0360614423296105,-0.029131018378531,-0.072146468162351,10.1382488479263,0.0658499234303216,0.202143950995406,89.3113342898135,0.0635994587280108,0.798376184032476,No,No,,0.6,Aaron Rodgers,Mike McCarthy
2015,HOU,AFC,6.0,9,7,0.5625,26,0.0218253435982402,-0.169790745937289,-0.0615179738957667,-0.0911658770040474,-0.0910436966014827,-0.125906347963383,11.2816577129701,0.0680786686838124,0.222390317700454,91.7704011065007,0.0512091038406828,0.83072546230441,No,No,,0.6,Brian Hoyer,Bill O'Brien
2015,KC,AFC,4.0,11,5,0.6875,118,0.0669016588390381,-0.0234167404153032,0.0343221804772643,-0.0698891184722568,-0.0655475447628023,-0.163832276494026,9.90247561890473,0.0646492434662999,0.181568088033012,90.1363271852446,0.0751633986928105,0.799019607843137,No,Yes,3.0,1.0,Alex Smith,Andy Reid
2015,MIN,NFC,3.0,11,5,0.6875,63,0.0498427434408582,-0.01042943728489,0.0274307198218418,-0.0291760729510621,0.0301573969670755,-0.144220496399243,11.1957349581112,0.0644677661169415,0.220389805097451,89.1891891891892,0.0810810810810811,0.754954954954955,No,No,,0.6,Teddy Bridgewater,Mike Zimmer
2015,NE,AFC,1.0,12,4,0.75,150,0.173929227280053,-0.0751064301486744,0.0713615266017872,-0.0515419219901377,0.025650250216814,-0.182311323375948,10.2489019033675,0.0693069306930693,0.198019801980198,90.313182811362,0.0528511821974965,0.815020862308762,Conf Runner-up,Yes,6.0,0.4,Tom Brady,Bill Belichick
2015,PIT,AFC,5.0,10,6,0.625,104,0.142615476385545,-0.0340106900671198,0.0363766826933395,-0.0475473595817829,0.0297124715385079,-0.1934363829548,10.139603232917,0.0662983425414365,0.19060773480663,93.0640243902439,0.0475504322766571,0.868876080691643,No,Yes,2.0,0.8,Ben Roethlisberger,Mike Tomlin
2015,SEA,NFC,4.0,10,6,0.625,146,0.249320824580005,-0.103600598288636,0.0664297879507205,-0.0591906232643086,-0.042120355907092,-0.148027060689087,10.8022239872915,0.0570107858243451,0.209553158705701,88.1060606060606,0.0749185667752443,0.744299674267101,No,Yes,4.0,0.8,Russell Wilson,Pete Carroll
2015,WAS,NFC,6.0,9,7,0.5625,9,0.167275300033244,-0.190809035983823,0.0123147602500038,0.0031897917464535,0.0845529469974803,-0.131863324928156,8.90410958904112,0.0576631259484067,0.177541729893778,92.0273348519362,0.0430622009569378,0.832535885167464,No,No,,0.8,Kirk Cousins,Jay Gruden
2016,ATL,NFC,2.0,11,5,0.6875,134,0.315090083201253,0.0009230073314479,0.144835782349118,0.0159185563369686,0.0923034239244526,-0.0425557154394869,7.99136069114472,0.0453333333333333,0.148,88.9745566692367,0.0592948717948718,0.770833333333333,SB Runner-up,Yes,6.5,0.8,Matt Ryan,Dan Quinn
2016,DAL,NFC,1.0,13,3,0.8125,115,0.221879116212777,0.0058733827430369,0.0797810502151371,-0.0243281575931313,0.0795265862275438,-0.144809731998266,9.24369747899162,0.0499306518723994,0.167822468793343,92.7525057825752,0.0492957746478873,0.834507042253521,No,No,,0.6,Dak Prescott,Jason Garrett
2016,DET,NFC,6.0,9,7,0.5625,-12,0.166129139769421,-0.186801086170686,0.0324112401941621,0.0479230801556855,0.22380897574549,-0.0929806086056225,7.36342042755346,0.0407523510971787,0.14576802507837,91.0094637223975,0.0529327610872675,0.836909871244635,No,No,,0.4,Matthew Stafford,Jim Caldwell
2016,GB,NFC,5.0,10,6,0.625,44,0.242849706486961,-0.137089507752083,0.0788076891761249,0.0442601768746195,0.135054447963304,-0.0879682396148495,9.46791862284821,0.0604229607250755,0.182779456193353,91.8290854572714,0.0472334682860999,0.852901484480432,Conf Runner-up,Yes,5.0,1.0,Aaron Rodgers,Mike McCarthy
2016,HOU,AFC,6.0,9,7,0.5625,-49,-0.0291163370907444,-0.154388959425961,-0.104192988951128,-0.0669959970231406,0.0226779896110973,-0.170892783296924,9.31333859510656,0.0504885993485342,0.192182410423453,90.5255366395263,0.0478325859491779,0.808669656203288,No,Yes,4.0,0.6,Brock Osweiler,Bill O'Brien
2016,KC,AFC,2.0,12,4,0.75,78,0.0867521709722197,-0.105091998572422,0.0093183635642895,-0.0551900097390214,0.0038618382179392,-0.0783567210148057,7.47252747252748,0.0404624277456647,0.147398843930636,92.3552123552123,0.0512820512820513,0.841346153846154,No,No,,0.8,Alex Smith,Andy Reid
2016,MIA,AFC,5.0,10,6,0.625,-17,0.062036143963994,-0.0923949756700372,-0.0336936798705634,-0.0092398766844065,0.0585911837972205,-0.0491266327193687,8.73854827343198,0.0466101694915254,0.175141242937853,90.0826446280992,0.055452865064695,0.77818853974122,No,No,,0.6,Ryan Tannehill,Adam Gase
2016,NE,AFC,1.0,14,2,0.875,191,0.274884531139393,-0.0767333028592294,0.0968601430260086,-0.0681150220645242,-0.0010169680017539,-0.127474025365407,8.18532818532819,0.0497076023391813,0.154970760233918,92.9618768328446,0.0375586854460094,0.849765258215962,SB Winner,Yes,3.0,1.0,Tom Brady,Bill Belichick
2016,NYG,NFC,3.0,11,5,0.6875,26,-0.0345217664640375,-0.143651594509079,-0.0673356445998531,-0.0747874632835757,-0.0273521600289328,-0.192727403564586,8.49194729136162,0.0492957746478873,0.163380281690141,93.4665641813989,0.033434650455927,0.870820668693009,No,No,,0.6,Eli Manning,Ben McAdoo
2016,PIT,AFC,4.0,11,5,0.6875,72,0.157983952423373,-0.0430901419310143,0.0502698576778893,-0.0077165644908684,0.0559813763980972,-0.0672186392408078,9.79182729375483,0.0554744525547445,0.185401459854015,94.2105263157895,0.0317700453857791,0.883509833585477,Conf Runner-up,Yes,11.0,1.0,Ben Roethlisberger,Mike Tomlin
2016,SEA,NFC,4.0,10,5,0.625,62,0.102030735507877,-0.126174467176946,-0.0079479659107165,-0.0680448012031986,0.0588116718016095,-0.207026474487293,10.5421686746988,0.0663507109004739,0.221169036334913,88.4113584036838,0.0618556701030928,0.777614138438881,No,Yes,8.0,0.6,Russell Wilson,Pete Carroll
2017,ATL,NFC,6.0,10,6,0.625,38,0.185121977406523,-0.153561336069425,0.0252265659394357,-0.0126739995763374,0.0537564444746129,-0.122326907294341,9.12606341840679,0.0590909090909091,0.178787878787879,91.0328262610088,0.0402010050251256,0.812395309882747,No,No,,0.6,Matt Ryan,Dan Quinn
2017,BUF,AFC,6.0,9,7,0.5625,-57,-0.023583562361418,-0.137100018881646,-0.0612492578830657,-0.0107838223063569,0.0197290925098321,0.007280739776164,7.28083209509659,0.0415384615384615,0.150769230769231,89.7990726429675,0.0791245791245791,0.777777777777778,No,No,,0.6,Tyrod Taylor,Sean McDermott
2017,CAR,NFC,5.0,11,5,0.6875,36,0.0365531467997783,-0.0935821205280039,-0.0217254689201547,-0.0549602284587091,-0.0112360225054339,-0.152240248615946,11.9644300727567,0.0757575757575758,0.224242424242424,92.0852359208524,0.0583333333333333,0.826666666666667,No,No,,0.6,Cam Newton,Ron Rivera
2017,JAX,AFC,3.0,10,6,0.625,149,0.0959602681130095,-0.072483709269399,-0.015295510810316,-0.149081373157786,-0.222697104868876,-0.141254299782402,11.4503816793893,0.0878594249201278,0.23961661341853,92.9749103942652,0.0394088669950739,0.839080459770115,Conf Runner-up,Yes,8.5,0.6,Blake Bortles,Doug Marrone
2017,KC,AFC,4.0,10,6,0.625,76,0.168454764809113,-0.0733843482682855,0.0642246019334921,-0.011228554278001,0.0904772353811396,-0.0768689461708624,7.25925925925926,0.0462686567164179,0.146268656716418,90.726429675425,0.0574534161490683,0.813664596273292,No,No,,0.8,Alex Smith,Andy Reid
2017,LAR,NFC,3.0,11,5,0.6875,149,0.131005352109837,-0.0503895860700709,0.052578996305666,-0.0827990671638547,-0.0863225148631749,-0.0515829319456528,10.7407407407407,0.0712166172106825,0.21513353115727,92.4886191198786,0.0480274442538593,0.830188679245283,No,No,,0.6,Jared Goff,Sean McVay
2017,MIN,NFC,2.0,13,3,0.8125,130,0.156227233742944,-0.139783179621678,-0.0058086217001344,-0.122891702251745,-0.116477813299769,-0.16339637733426,9.67226219024782,0.0579937304075235,0.189655172413793,91.7282127031019,0.0435483870967742,0.819354838709677,Conf Runner-up,Yes,5.5,0.8,Case Keenum,Mike Zimmer
2017,NE,AFC,1.0,13,3,0.8125,162,0.255958691540596,-0.0424454685827447,0.120579936577209,-0.0090020355897121,0.0734431029373301,-0.0516232697369121,9.86238532110091,0.0616740088105727,0.18942731277533,91.4801444043321,0.0513950073421439,0.826725403817915,SB Runner-up,Yes,7.5,0.8,Tom Brady,Bill Belichick
2017,NO,NFC,4.0,11,5,0.6875,122,0.14023460870611,0.0281979016919225,0.0677882946898963,-0.0379578743879039,0.0180082835138912,-0.105954148008549,9.05631659056316,0.0626865671641791,0.177611940298507,94.0809968847352,0.0341880341880342,0.87008547008547,No,Yes,6.5,0.6,Drew Brees,Sean Payton
2017,PHI,NFC,1.0,13,3,0.8125,162,0.148096321628084,-0.0913243705427603,0.0375319289189391,-0.104423219784785,-0.071984219540905,-0.193183789543801,11.3777089783282,0.0537482319660538,0.207920792079208,89.6877269426289,0.0534918276374443,0.789004457652303,SB Winner,No,,0.6,Carson Wentz,Doug Pederson
2017,PIT,AFC,2.0,13,3,0.8125,98,0.178409463226369,-0.0866918163537062,0.0430353398470749,-0.0394851684804318,-0.0231466599724675,-0.0660099935043184,13.0081300813008,0.0925619834710744,0.264462809917355,93.4122871946706,0.036144578313253,0.865963855421687,No,No,,0.8,Ben Roethlisberger,Mike Tomlin
2017,TEN,AFC,5.0,9,7,0.5625,-22,-0.0572527429880398,-0.0865493465631261,-0.0498562998231315,-0.0239296684123165,0.0515825538172432,-0.189366109201044,9.53090096798212,0.0610795454545455,0.181818181818182,91.7316692667707,0.0597269624573379,0.819112627986348,No,No,,0.4,Marcus Mariota,Mike Mularkey
2018,BAL,AFC,5.0,10,6,0.625,102,0.0577779978642967,0.0036145866308677,0.0106364982792492,-0.0806037081026329,-0.0348686842110857,-0.147282258005379,10.8712413261372,0.0626822157434402,0.205539358600583,93.2960893854749,0.049306625577812,0.852080123266564,No,No,,0.8,Joe Flacco,John Harbaugh
2018,CHI,NFC,3.0,12,4,0.75,138,0.151211532715126,-0.119319352011137,-0.0052080463521817,-0.128392619478433,-0.0877386349678973,-0.217032389064365,11.3601236476043,0.0686813186813187,0.201923076923077,92.9223744292238,0.05229793977813,0.852614896988906,No,No,,0.8,Mitch Trubisky,Matt Nagy
2018,DAL,NFC,5.0,10,6,0.625,15,0.0528057780653583,-0.0571921011496133,-0.0232088681866813,-0.0360688139832861,0.0615491592562314,-0.194942028378937,10.4928457869634,0.0612244897959184,0.207221350078493,87.7582249426167,0.0856269113149847,0.755351681957187,No,Yes,2.5,0.8,Dak Prescott,Jason Garrett
2018,HOU,AFC,4.0,11,5,0.6875,86,0.142290451801505,-0.148842258374799,0.0087523760154427,-0.0678925811149245,0.0326644869603618,-0.25256059235501,9.75428145941923,0.0610795454545455,0.186079545454545,86.2426035502959,0.0932330827067669,0.720300751879699,No,No,,0.6,Deshaun Watson,Bill O'Brien
2018,IND,AFC,6.0,10,6,0.625,89,0.142326791474808,-0.0910269634440325,0.0353639433928764,-0.037287655845884,0.0352648852012128,-0.130789404351973,8.57580398162327,0.0594679186228482,0.17527386541471,93.183466279913,0.0247592847317744,0.8707015130674,No,No,,0.8,Andrew Luck,Frank Reich
2018,KC,AFC,1.0,12,4,0.75,144,0.347581338836254,0.0209082326220291,0.184712165240365,0.0441323433740679,0.110488865061178,0.0028417330823699,10.6918238993711,0.0683311432325887,0.201051248357424,90.0914634146341,0.0382352941176471,0.808823529411765,Conf Runner-up,Yes,4.0,0.6,Patrick Mahomes,Andy Reid
2018,LAR,NFC,2.0,13,3,0.8125,143,0.206774097680688,0.0654855282879853,0.105849918509691,-0.0179992306617119,0.0428302494709496,-0.0882033209350931,10.9546165884194,0.0642633228840125,0.219435736677116,92.3929098966027,0.0502283105022831,0.843226788432268,SB Runner-up,No,,0.6,Jared Goff,Sean McVay
2018,LAC,AFC,2.0,12,4,0.75,99,0.214375102562638,0.0036947854317515,0.0573497357702048,-0.0292916406171143,0.0223505956403664,-0.0940523595411466,9.05542544886809,0.058282208588957,0.177914110429448,90.2857142857143,0.0578231292517007,0.797619047619048,No,No,,0.8,Philip Rivers,Anthony Lynn
2018,NE,AFC,3.0,11,5,0.6875,111,0.179042463071416,-0.0305146526498268,0.0471022360630919,-0.0469722572831343,0.0078478092110841,-0.138051459110118,9.75232198142412,0.0432900432900433,0.181818181818182,93.6170212765958,0.0334928229665072,0.861244019138756,SB Winner,Yes,2.0,0.6,Tom Brady,Bill Belichick
2018,NO,NFC,1.0,13,3,0.8125,151,0.279730761587156,-0.0064084056724808,0.115840850379388,-0.021605619163557,0.126556023190187,-0.205778773265723,11.5965051628277,0.0707070707070707,0.210678210678211,94.535519125683,0.0344234079173838,0.879518072289157,Conf Runner-up,Yes,8.5,0.6,Drew Brees,Sean Payton
2018,PHI,NFC,6.0,9,7,0.5625,19,0.110205796524551,-0.0848819716850859,0.0212995892299313,0.0103639190615525,0.0794808643136011,-0.104550774596933,13.1477184841454,0.0605226960110041,0.233837689133425,89.5645645645646,0.0578034682080925,0.799132947976879,No,No,,0.8,Carson Wentz,Doug Pederson
2018,SEA,NFC,4.0,10,6,0.625,81,0.209741525512198,-0.0272738292805506,0.0550548703935118,-0.010434672569898,0.0737786551199681,-0.130043378328909,11.9258662369057,0.0679304897314376,0.233807266982622,89.2964071856288,0.0953271028037383,0.732710280373832,No,No,,0.8,Russell Wilson,Pete Carroll
2019,BAL,AFC,1.0,14,2,0.875,249,0.319922023543179,0.0875753020867132,0.14635857326945,-0.0697849064730201,-0.0809419605015573,-0.10093059105796,11.8078175895765,0.0572755417956656,0.224458204334365,93.5267857142857,0.052930056710775,0.835538752362949,No,No,,1.0,Lamar Jackson,John Harbaugh
2019,BUF,AFC,4.0,10,6,0.625,55,0.0229207268598748,-0.0820365747172081,-0.0397328991044184,-0.0955905569430562,-0.0940239303145533,-0.0645793828537233,10.4724409448819,0.0679012345679012,0.205246913580247,90.4761904761905,0.0638977635782748,0.801916932907348,No,No,,0.4,Josh Allen,Sean McDermott
2019,GB,NFC,3.0,13,3,0.8125,63,0.127258787646334,-0.0594979429377663,0.0211933647731085,-0.0346217671211004,-0.042869597778987,-0.0147674598197215,10.2056962025316,0.0641627543035994,0.2018779342723,90.9774436090225,0.0527086383601757,0.824304538799414,Conf Runner-up,Yes,4.5,1.0,Aaron Rodgers,Matt LaFleur
2019,HOU,AFC,5.0,10,6,0.625,-7,0.133619644628142,-0.0712448500484352,0.0266438747146342,0.030161717193829,0.137242558634019,-0.0871864072743682,8.92448512585814,0.0449927431059507,0.169811320754717,89.5579268292683,0.0735735735735736,0.794294294294294,No,Yes,2.5,0.6,Deshaun Watson,Bill O'Brien
2019,KC,AFC,3.0,12,4,0.75,143,0.246693517351842,-0.0941341077021809,0.0958330925972584,-0.0340972316944331,0.0163036631579245,-0.0303792856003444,10.4011887072809,0.0645624103299857,0.200860832137733,92.429022082019,0.0360230547550432,0.861671469740634,SB Winner,Yes,1.5,1.0,Patrick Mahomes,Andy Reid
2019,MIN,NFC,5.0,10,6,0.625,104,0.174248726705772,-0.0816329877044535,0.0198333647446543,-0.071167784322004,-0.0319700654657242,-0.133516324055175,10.9682299546142,0.0690647482014388,0.20863309352518,92.4860111910472,0.0520446096654275,0.825278810408922,No,No,,0.4,Kirk Cousins,Mike Zimmer
2019,NE,AFC,2.0,12,4,0.75,195,0.0649463671350456,-0.0775772984799861,-0.0127742667777113,-0.188355093824225,-0.241297886088424,-0.168144087679182,11.1899133175729,0.0712121212121212,0.215151515151515,91.5462427745665,0.0402877697841727,0.831654676258993,No,No,,0.4,Tom Brady,Bill Belichick
2019,NO,NFC,2.0,13,3,0.8125,117,0.170473528042831,-0.071471468415988,0.0492252659059979,-0.054271659212408,0.0427771615051999,-0.216957437473358,11.9119878603945,0.069672131147541,0.21448087431694,93.693009118541,0.0381679389312977,0.873282442748092,No,No,,0.8,Drew Brees,Sean Payton
2019,PHI,NFC,6.0,9,7,0.5625,31,0.0701036568089986,-0.103727152535148,-0.0026128163938746,-0.0290761053468486,0.0622567408272197,-0.214127053553592,11.2412177985948,0.0643712574850299,0.215568862275449,90.398293029872,0.0513888888888889,0.8125,No,No,,0.8,Carson Wentz,Doug Pederson
2019,SEA,NFC,4.0,11,5,0.6875,7,0.118986726786105,-0.136374468954119,-0.0036965457064154,-0.009081908648167,0.0745486489330538,-0.0929839997767677,7.14828897338404,0.0405797101449275,0.136231884057971,88.5735080058224,0.0732824427480916,0.76030534351145,No,No,,0.4,Russell Wilson,Pete Carroll
2019,SF,NFC,1.0,13,3,0.8125,169,0.1911333668319,-0.0613146983143763,0.0343587870427169,-0.118358604541897,-0.120091406460655,-0.166321637536065,10.7198748043818,0.075,0.2140625,91.6539050535987,0.0638297872340425,0.806737588652482,SB Runner-up,Yes,7.0,0.6,Jimmy Garoppolo,Kyle Shanahan
2019,TEN,AFC,6.0,9,7,0.5625,71,0.140945923835617,-0.0432720800418331,0.0206195612554214,-0.037808667839174,0.0467893700244102,-0.146416506543661,9.25925925925926,0.0603085553997195,0.17531556802244,87.799043062201,0.0998217468805704,0.727272727272727,Conf Runner-up,No,,0.6,Ryan Tannehill,Mike Vrabel
2020,BAL,AFC,4.0,11,5,0.6875,165,0.126608023684905,0.0944754678399609,0.0952879282058696,-0.0588593648058993,0.0255399722784789,-0.124473545532754,11.7241379310345,0.0556348074179743,0.218259629101284,92.862807295797,0.0628683693516699,0.823182711198428,No,Yes,3.5,1.0,Lamar Jackson,John Harbaugh
2020,BUF,AFC,2.0,13,3,0.8125,126,0.296620490304962,-0.0814947644894145,0.126667994445691,0.0160667890200347,0.0707921724989096,-0.0206106695088075,9.61392884178652,0.056047197640118,0.187315634218289,92.6371149511645,0.0385714285714286,0.86,Conf Runner-up,Yes,2.5,1.0,Josh Allen,Sean McDermott
2020,CHI,NFC,6.0,8,8,0.5,2,0.0144132679927927,-0.0702279865072827,-0.0163609711964656,-0.0131270237304362,0.10361216348396,-0.124366913521078,9.03568716780562,0.0541795665634675,0.184210526315789,89.9248120300752,0.0521739130434783,0.805797101449275,No,No,,0.6,Mitch Trubisky,Matt Nagy
2020,CLE,AFC,7.0,11,5,0.6875,-11,0.194662668824044,-0.0324026755344048,0.0500578005989296,0.0635381158312154,0.141218362195229,-0.0217708907533084,8.1866870696251,0.0561299852289513,0.158050221565731,94.0594059405941,0.0450606585788562,0.864818024263432,No,No,,0.6,Baker Mayfield,Kevin Stefanski
2020,GB,NFC,1.0,13,3,0.8125,140,0.353507984666897,0.0272232935351735,0.152139379949472,0.0227709934438377,0.0676234196487385,-0.0303552925737023,9.3428345209818,0.0637636080870918,0.183514774494557,94.4488501189532,0.0347107438016529,0.884297520661157,Conf Runner-up,Yes,7.0,1.0,Aaron Rodgers,Matt LaFleur
2020,IND,AFC,5.0,11,5,0.6875,89,0.18029239252727,-0.0446223154371397,0.0498353865434959,-0.0378581982976426,0.0466573491441704,-0.10196044788465,9.13348946135832,0.0610687022900763,0.178625954198473,94.0864291129644,0.0344827586206897,0.87192118226601,No,No,,0.8,Philip Rivers,Frank Reich
2020,KC,AFC,1.0,14,2,0.875,111,0.291413284191355,-0.0557557367579472,0.138430975559048,0.044518093702306,0.0954384432768931,0.0109854849443,9.80243161094226,0.048411497730711,0.195158850226929,91.8276374442793,0.0326086956521739,0.85054347826087,SB Runner-up,Yes,3.0,0.8,Patrick Mahomes,Andy Reid
2020,LAR,NFC,5.0,10,6,0.625,76,0.0333799640436343,-0.0807267038756463,-0.0463340415325915,-0.128609794558106,-0.149883093130241,-0.192166575661774,12.0348376880443,0.0811638591117917,0.232771822358346,92.2964049889949,0.0379362670713202,0.840667678300455,No,No,,0.6,Jared Goff,Sean McVay
2020,NO,NFC,2.0,12,4,0.75,145,0.13825242548966,0.0392893219668604,0.0627730667301473,-0.0578577711366256,0.0157547110038531,-0.150971899366443,12.015503875969,0.0673652694610778,0.232035928143713,92.1331316187595,0.0489038785834739,0.824620573355818,No,Yes,11.0,0.6,Drew Brees,Sean Payton
2020,PIT,AFC,3.0,12,4,0.75,104,0.115747243846437,-0.133799077688726,0.0088593719603794,-0.0844687846908242,-0.110855192919221,-0.093087782799117,14.5398298530549,0.0880503144654088,0.29559748427673,93.792071802543,0.0193637621023513,0.885200553250346,No,No,,0.2,Ben Roethlisberger,Mike Tomlin
2020,SEA,NFC,3.0,12,4,0.75,88,0.16377151011011,-0.0135157733736165,0.0877871324846981,0.0130645733668886,0.123611153010795,-0.134894940065741,10.7703281027104,0.058974358974359,0.193589743589744,87.5190258751903,0.0686695278969957,0.765379113018598,No,No,,0.8,Russell Wilson,Pete Carroll
2020,TB,NFC,4.0,11,5,0.6875,137,0.235801452836575,-0.0321635584330893,0.0822455477616055,-0.0390190807730314,0.041703270095686,-0.209079886148218,12.2740963855422,0.0665742024965326,0.226074895977809,92.3605805958747,0.0315638450502152,0.856527977044476,SB Winner,Yes,10.0,0.8,Tom Brady,Bruce Arians
2020,TEN,AFC,6.0,11,5,0.6875,52,0.293718624264096,0.0732725480688253,0.130088529389116,0.0891366977312767,0.21731823614252,-0.0358650401419308,6.53450807635828,0.0269121813031161,0.126062322946176,91.8106686701728,0.0447227191413238,0.805008944543828,No,No,,0.6,Ryan Tannehill,Mike Vrabel
2020,WAS,NFC,7.0,7,9,0.4375,6,-0.0663941406322918,-0.0347889700456984,-0.0481176171050208,-0.0485314764030629,-0.059904338480459,-0.118557030235846,10.8780108780109,0.0741324921135647,0.220820189274448,88.1824981301421,0.0717360114777618,0.773314203730273,No,No,,0.6,Alex Smith,Ron Rivera
2021,GB,NFC,1.0,13,4,0.764705882352941,79,0.218177024695381,-0.0005830631195876,0.0889423327104799,0.0141609357498209,0.0324540757460156,-0.0006257033135602,9.65,0.05,0.18,91.48,0.05,0.83,No,No,,0.8,Aaron Rodgers,Matt LaFleur
2021,TEN,AFC,1.0,12,5,0.705882352941177,65,0.0935287935488393,-0.0523164285720424,0.0016592644165763,-0.0454448478749382,0.0114507748538857,-0.0819724775164238,9.76,0.06,0.18,89.05,0.07,0.75,No,No,,0.8,Ryan Tannehill,Mike Vrabel
2021,KC,AFC,2.0,12,5,0.705882352941177,116,0.215186688269228,-0.020673944328782,0.112198121958139,0.0145530746669753,0.09193322526623,-0.0661770130539393,8.58,0.04,0.16,91.95,0.03,0.86,Conf Runner-up,Yes,2.5,0.8,Patrick Mahomes,Andy Reid
2021,TB,NFC,2.0,13,4,0.764705882352941,158,0.195955318469144,0.0242512999037728,0.0748843506466723,-0.0551166990946733,-0.0393832911149113,-0.112979779553363,12.02,0.06,0.21,94.44,0.03,0.9,No,Yes,7.5,0.8,Tom Brady,Bruce Arians
2021,BUF,AFC,3.0,11,6,0.647058823529412,194,0.162982513007013,-0.0471532438741854,0.0524875105512646,-0.112457662753797,-0.111879971156502,-0.106286833353321,9.71,0.06,0.2,91.71,0.03,0.85,No,Yes,4.5,0.8,Josh Allen,Sean McDermott
2021,DAL,NFC,3.0,12,5,0.705882352941177,172,0.16628058205302,-0.0542078573046638,0.0499493945936051,-0.0871572723620607,-0.111803355468167,-0.0425543059980537,10.39,0.06,0.2,92.44,0.04,0.85,No,No,,0.8,Dak Prescott,Mike McCarthy
2021,CIN,AFC,4.0,10,7,0.588235294117647,84,0.15907079174114,-0.0985453757686494,0.0313648519740916,-0.035779896079074,0.0237627890117574,-0.0802186956547307,9.66,0.06,0.18,88.18,0.08,0.76,SB Runner-up,Yes,6.0,0.6,Joe Burrow,Zac Taylor
2021,LAR,NFC,4.0,12,5,0.705882352941177,88,0.183665244249597,-0.0891541021958625,0.0512354383934368,-0.028632918184528,0.0299465170684834,-0.113141339324623,9.45,0.07,0.19,92.11,0.05,0.85,SB Winner,No,,0.8,Matthew Stafford,Sean McVay
2021,ARI,NFC,5.0,11,6,0.647058823529412,83,0.149256182257252,-0.0367568356717606,0.0286368743532227,-0.0500856437170813,-0.0158539813394707,-0.129789294874806,10.46,0.06,0.21,93.0,0.06,0.86,No,No,,0.2,Kyler Murray,Kliff Kingsbury
2021,LV,AFC,5.0,10,7,0.588235294117647,-65,0.0844968176151678,-0.16113422713241,-0.0121103312808896,0.0405060361914414,0.171854606158171,-0.116968376877358,10.06,0.05,0.2,91.15,0.06,0.83,No,No,,0.8,Derek Carr,Rich Bisaccia
2021,NE,AFC,6.0,10,7,0.588235294117647,159,0.136366084537988,-0.0113677450455493,0.0438440072933024,-0.0900588770541214,-0.0539366321448631,-0.0822977811076258,8.88,0.06,0.19,92.19,0.05,0.83,No,No,,0.2,Mac Jones,Bill Belichick
2021,SF,NFC,6.0,10,7,0.588235294117647,62,0.174026945371182,-0.022153516347934,0.0468911314431505,-0.0077879267626152,0.0975724816687315,-0.148338981144125,10.87,0.07,0.22,91.75,0.06,0.81,Conf Runner-up,No,,0.8,Jimmy Garoppolo,Kyle Shanahan
2021,PHI,NFC,7.0,9,8,0.529411764705882,59,0.0935752318290419,0.0293261963902355,0.0396064361076634,-0.0107823887404003,0.0600667046300853,-0.0771955149107914,7.88,0.04,0.16,92.98,0.05,0.84,No,No,,0.6,Jalen Hurts,Nick Sirianni
2021,PIT,AFC,7.0,9,7,0.529411764705882,-55,-0.0379695905905337,-0.0779186029648139,-0.0591868970813294,-0.0229002423987928,0.0221570712016954,-0.0216125781183873,10.73,0.08,0.23,92.22,0.05,0.85,No,No,,0.6,Ben Roethlisberger,Mike Tomlin
2022,BAL,AFC,6.0,10,7,0.588235294117647,35,-0.0186764324399216,0.0363246087278152,0.011256513182978,-0.0302902288387598,0.0543970387833807,-0.108909251992243,10.2621722846442,0.0682788051209104,0.194879089615932,92.8139183055976,0.0641891891891892,0.839527027027027,No,No,,0.4,Lamar Jackson,John Harbaugh
2022,BUF,AFC,2.0,13,3,0.8125,169,0.203724490764512,-0.0635429238866451,0.0896674951710507,-0.0586765078654973,-0.0088493280611298,-0.117376501083223,10.302091402014,0.0583941605839416,0.194160583941606,91.6923076923077,0.0475504322766571,0.844380403458213,No,Yes,14.0,1.0,Josh Allen,Sean McDermott
2022,CIN,AFC,3.0,12,4,0.75,96,0.153750776776182,-0.0668640545591453,0.0407102725607244,-0.0469358039850382,-0.0248775623998879,-0.0748717070836436,10.0078186082877,0.0475435816164818,0.202852614896989,90.2912621359223,0.0606060606060606,0.820936639118457,Conf Runner-up,Yes,7.5,1.0,Joe Burrow,Zac Taylor
2022,DAL,NFC,5.0,12,5,0.705882352941177,125,0.0805205385820537,-0.0332116659756983,0.0167266776435876,-0.0845156714356097,-0.0618110654805345,-0.127737656745701,11.3986013986014,0.0816944024205749,0.246596066565809,92.4435028248588,0.0427215189873418,0.830696202531646,No,Yes,2.5,0.6,Dak Prescott,Mike McCarthy
2022,JAX,AFC,4.0,9,8,0.529411764705882,54,0.136223851924407,-0.0977247150423669,0.0291827750237401,-0.0212996548260424,0.0405722002992104,-0.114223658011351,10.179211469534,0.0490883590462833,0.199158485273492,93.3284457478006,0.0411160058737151,0.866372980910426,No,No,,1.0,Trevor Lawrence,Doug Pederson
2022,KC,AFC,1.0,14,3,0.823529411764706,127,0.273618618705756,-0.0189873341831923,0.122040339328041,0.0092629787989177,0.03586719676397,-0.0787936319929924,11.9370979270908,0.072463768115942,0.220026350461133,91.907514450867,0.0338541666666667,0.854166666666667,SB Winner,Yes,2.0,1.0,Patrick Mahomes,Andy Reid
2022,LAC,AFC,5.0,10,7,0.588235294117647,7,0.0400179104094915,-0.0572595338033579,-0.0183876751398727,-0.0180147766934744,-0.0057679564318925,0.0381764973721815,9.06274206041829,0.0661157024793388,0.193388429752066,89.8211829436038,0.048811013767209,0.81476846057572,No,No,,0.8,Justin Herbert,Brandon Staley
2022,MIA,AFC,7.0,9,8,0.529411764705882,-2,0.10762766993746,-0.0495879120185153,0.0193373152903517,0.0115786224856364,0.0905208177771473,-0.108902303952671,9.54088952654232,0.0543478260869565,0.18070652173913,90.0763358778626,0.0520833333333333,0.806547619047619,No,No,,0.2,Tua Tagovailoa,Mike McDaniel
2022,MIN,NFC,3.0,13,4,0.764705882352941,-3,0.0728469158708254,-0.129593497940784,-0.0154936653840264,0.0019345992665021,0.0513804843101965,-0.0769690573591937,8.67418899858956,0.0524137931034483,0.169655172413793,87.6281613123718,0.0608020698576973,0.765847347994825,No,No,,0.6,Kirk Cousins,Kevin O'Connell
2022,NYG,NFC,6.0,9,7,0.529411764705882,-6,0.0597944492824936,-0.0059070871171474,0.0237927886728103,0.0376671713221082,0.0481670600098446,0.0456657016193083,10.3597122302158,0.0611940298507463,0.214925373134328,88.4779516358464,0.0733532934131736,0.75748502994012,No,No,,0.4,Daniel Jones,Brian Daboll
2022,PHI,NFC,1.0,14,3,0.823529411764706,133,0.119229693607202,0.0738188758341414,0.0564433230101795,-0.0513747377830895,-0.0883214990713894,-0.0228350756340782,13.4839650145773,0.102040816326531,0.269679300291545,92.4435028248588,0.0668693009118541,0.837386018237082,SB Runner-up,Yes,2.5,0.6,Jalen Hurts,Nick Sirianni
2022,SEA,NFC,7.0,9,8,0.529411764705882,6,0.0569918023650731,-0.0706216900413209,0.0158125070863921,0.0053144966711776,0.0471220276419522,0.0186701857043529,9.89473684210526,0.0685975609756098,0.214939024390244,88.6681383370125,0.0663780663780664,0.777777777777778,No,No,,0.4,Geno Smith,Pete Carroll
2022,SF,NFC,2.0,13,4,0.764705882352941,173,0.170883201424485,-0.020720077991565,0.0393656325950138,-0.113561499403288,-0.083022949857403,-0.176053762338939,12.2247532270311,0.0628571428571429,0.23,92.2904191616767,0.0524534686971235,0.825719120135364,Conf Runner-up,Yes,3.5,1.0,Jimmy Garoppolo,Kyle Shanahan
2022,TB,NFC,4.0,8,9,0.470588235294118,-45,0.0499483497984526,-0.210433153417413,-0.0556743491846955,-0.018629131410949,0.0132455877568756,-0.0859163239856898,10.4996379435192,0.0668647845468053,0.215453194650817,93.2249322493225,0.0267965895249695,0.878197320341047,No,No,,0.4,Tom Brady,Todd Bowles
2023,BAL,AFC,1.0,13,4,0.764705882352941,203,0.112941790367397,0.01127153233582,0.0495885560869168,-0.112824836120297,-0.147305441856012,-0.0902229210218296,12.1508379888268,0.0779220779220779,0.225974025974026,92.1469740634006,0.0632716049382716,0.83179012345679,Conf Runner-up,Yes,10.0,0.8,Lamar Jackson,John Harbaugh
2023,BUF,AFC,2.0,11,6,0.647058823529412,140,0.155018535476431,0.0104194846307701,0.0618906840820664,-0.0521132431407585,-0.0416269247108831,-0.0681247724287252,12.3215627347859,0.0778097982708934,0.236311239193084,92.9547088425593,0.0347322720694645,0.858176555716353,No,Yes,10.0,1.0,Josh Allen,Sean McDermott
2023,CLE,AFC,5.0,11,6,0.647058823529412,34,-0.130760214959823,-0.112007874385331,-0.0980886374460205,-0.140292700646041,-0.186866451946292,-0.102391574895298,10.9747292418773,0.0748091603053435,0.23206106870229,89.9070385126162,0.0613915416098226,0.792633015006821,No,No,,0.8,Deshaun Watson,Kevin Stefanski
2023,DAL,NFC,2.0,12,5,0.705882352941177,194,0.23199925683621,-0.0599947854640651,0.0943264702311135,-0.0765217084419615,-0.0617539953158171,-0.126241761240146,10.4354354354354,0.0719874804381847,0.217527386541471,91.0374029640085,0.054719562243502,0.826265389876881,No,No,,0.6,Dak Prescott,Mike McCarthy
2023,DET,NFC,3.0,12,5,0.705882352941177,66,0.108602067676492,-0.0113252965292089,0.0183495886432832,-0.0324550625601504,0.0785576149047011,-0.175725984945022,11.5727002967359,0.0580736543909348,0.220963172804533,90.7303370786517,0.0461997019374069,0.80327868852459,Conf Runner-up,Yes,3.5,0.6,Jared Goff,Dan Campbell
2023,GB,NFC,7.0,9,8,0.529411764705882,33,0.15652146566983,-0.0580609191232202,0.0294387861083845,-0.0019253510074401,0.0662387010023924,-0.0687271813473742,10.8727810650888,0.0692307692307692,0.226153846153846,92.2619047619048,0.0451807228915663,0.843373493975904,No,No,,0.6,Jordan Love,Matt LaFleur
2023,HOU,AFC,4.0,10,7,0.588235294117647,24,0.05887931883002,-0.163103132215438,-0.0192956036204654,-0.0369948940128302,0.0517153461371621,-0.156926824593955,11.0157367668097,0.0664739884393064,0.222543352601156,90.4080171796707,0.067238912732475,0.80829756795422,No,No,,0.6,C.J. Stroud,DeMeco Ryans
2023,KC,AFC,3.0,11,6,0.647058823529412,77,0.0822365422877949,-0.113916654165643,-0.0030185978676699,-0.0702632533098184,-0.100249104551955,-0.0284220468270437,13.2730015082956,0.0838235294117647,0.258823529411765,90.0442477876106,0.0369881109643329,0.821664464993395,SB Winner,Yes,4.5,0.6,Patrick Mahomes,Andy Reid
2023,LA,NFC,6.0,10,7,0.588235294117647,27,0.0867481429078943,-0.0196793569523072,-0.0015956325842226,-0.0242378119677731,0.0390493038621264,-0.0987507011491553,9.10404624277458,0.0572625698324022,0.175977653631285,91.3105413105413,0.0500736377025037,0.820324005891016,No,No,,0.8,Matthew Stafford,Sean McVay
2023,MIA,AFC,6.0,11,6,0.647058823529412,105,0.163783743955212,-0.0088686755041307,0.0708677036947708,-0.0203809725733183,0.0105388264717891,-0.100518692709725,13.6996336996337,0.0809248554913295,0.270231213872832,93.3283914010378,0.04858934169279,0.858934169278997,No,No,,0.4,Tua Tagovailoa,Mike McDaniel
2023,PHI,NFC,5.0,11,6,0.647058823529412,5,0.104965099353917,-0.0041596213045936,0.0515922888457776,0.0419358265180835,0.0963074928185128,-0.0149228989079872,10.0424328147101,0.055627425614489,0.183699870633894,92.8011404133998,0.0574374079528719,0.851251840942563,No,No,,0.2,Jalen Hurts,Nick Sirianni
2023,PIT,AFC,7.0,10,7,0.588235294117647,-20,-0.0599541149606239,-0.0706668641918763,-0.0755854369480335,-0.0565383640071054,-0.0218482446706817,-0.110637810709077,10.9499637418419,0.0682148040638607,0.219158200290276,90.7153729071537,0.0601001669449082,0.796327212020033,No,No,,0.6,Kenny Pickett,Mike Tomlin
2023,SF,NFC,1.0,12,5,0.705882352941177,193,0.297622829658808,0.0344222394791404,0.122081840538663,-0.0455057850236205,-0.0597974085428196,-0.0439585583584439,12.059925093633,0.064,0.214666666666667,91.4110429447853,0.0595446584938704,0.80385288966725,SB Runner-up,Yes,7.5,0.6,Brock Purdy,Kyle Shanahan
2023,TB,NFC,4.0,9,8,0.529411764705882,23,0.10971436679475,-0.165533694556552,-0.0191893994556359,-0.0401773150173762,0.0602400003040429,-0.163587312660261,9.59004392386531,0.0670391061452514,0.182960893854749,91.4137675795707,0.0585651537335286,0.830161054172767,No,No,,0.8,Baker Mayfield,Todd Bowles
2024,BAL,AFC,3.0,12,5,0.705882352941177,157,0.323842525586039,0.0552633473732382,0.140056262089534,0.0084936567238024,0.0545288383087365,-0.174149274139278,12.0542082738944,0.0705882352941176,0.220915032679739,94.2293644996348,0.0415944540727903,0.863084922010399,No,Yes,9.5,0.8,Lamar Jackson,John Harbaugh
2024,BUF,AFC,2.0,13,4,0.764705882352941,157,0.299042414470569,0.0287729827848492,0.135750469543813,-0.0036071590777202,0.09436007087698,-0.159749333550052,9.63235294117647,0.0577777777777778,0.194074074074074,95.1708766716196,0.0224719101123595,0.895666131621188,Conf Runner-up,Yes,7.5,0.6,Josh Allen,Sean McDermott
2024,DEN,AFC,7.0,10,7,0.588235294117647,114,0.059963360002975,-0.0752049920616014,0.0257996332282534,-0.072451494249611,-0.0590134758334829,-0.175288142170307,13.8732394366197,0.08311345646438,0.259894459102902,94.121969140338,0.0352941176470588,0.88235294117647,No,No,,0.6,Bo Nix,Sean Payton
2024,DET,NFC,1.0,15,2,0.88235294117647,222,0.268663579437822,0.0193792574428437,0.139564229065492,-0.0383466936620825,-0.0158788238627325,-0.109913692685534,10.4838709677419,0.0493991989319092,0.190921228304406,91.3916786226686,0.0538336052202284,0.804241435562806,No,No,,0.8,Jared Goff,Dan Campbell
2024,GB,NFC,7.0,11,6,0.647058823529412,122,0.184939072425317,-0.0333142607887096,0.0722471578838627,-0.0394778117020291,-0.0244486451792279,-0.141407217936447,9.79955456570156,0.0664697193500739,0.194977843426883,92.9640718562874,0.039426523297491,0.831541218637993,No,No,,0.4,Jordan Love,Matt LaFleur
2024,HOU,AFC,4.0,10,7,0.588235294117647,0,0.0085261129386168,-0.124415717150284,-0.0122920445336459,-0.0165096264181322,0.0050084750192593,-0.150304437900624,10.6539309331374,0.072700296735905,0.21513353115727,88.3502170767004,0.0773638968481375,0.769340974212034,No,No,,0.6,C.J. Stroud,DeMeco Ryans
2024,KC,AFC,1.0,15,2,0.88235294117647,59,0.139311696534386,-0.0582482723776076,0.0530531955257462,-0.0004127011831632,0.0703078377861436,-0.114551131042364,11.1698113207547,0.0559540889526542,0.212338593974175,88.6545454545454,0.0567081604426003,0.784232365145228,SB Runner-up,Yes,1.5,0.8,Patrick Mahomes,Andy Reid
2024,LA,NFC,4.0,10,7,0.588235294117647,-19,0.107403066567772,-0.0708091412185938,0.0174803942145199,0.0357053169262506,0.119584265172053,-0.0524360846723363,7.84457478005866,0.0579268292682927,0.163109756097561,90.3007518796993,0.0491283676703645,0.795562599049128,No,No,,0.8,Matthew Stafford,Sean McVay
2024,LAC,AFC,5.0,11,6,0.647058823529412,101,0.130868766068679,-0.0832450337071264,0.0397161145415807,-0.050973339873653,-0.0176485485697122,-0.124049788755177,10.2373887240356,0.0659971305595409,0.197991391678623,88.6363636363636,0.0704,0.76,No,No,,0.6,Justin Herbert,Jim Harbaugh
2024,MIN,NFC,5.0,14,3,0.823529411764706,100,0.133090771888674,-0.118751612430462,0.0228862533226481,-0.0727075480810919,-0.0334265508603924,-0.199929659353343,11.418439716312,0.0653333333333333,0.214666666666667,89.067055393586,0.072700296735905,0.777448071216617,No,No,,0.8,Sam Darnold,Kevin O'Connell
2024,PHI,NFC,2.0,14,3,0.823529411764706,160,0.16323449203706,0.0578575393700375,0.0800782098580642,-0.0578791249664364,-0.0230531932244657,-0.192791162513289,9.45736434108528,0.0625,0.185975609756098,91.4712153518124,0.079646017699115,0.787610619469027,SB Winner,Yes,5.5,0.8,Jalen Hurts,Nick Sirianni
2024,PIT,AFC,6.0,10,7,0.588235294117647,33,0.0474657806841769,-0.12429568152683,0.0064323118730183,-0.0251322200756648,0.0165869630498701,-0.0852976040972186,10.5847520355293,0.0584795321637427,0.20906432748538,88.6575735821967,0.0791599353796446,0.744749596122779,No,No,,0.2,Russell Wilson,Mike Tomlin
2024,TB,NFC,3.0,10,7,0.588235294117647,117,0.208586558271628,0.0119088720179205,0.102018381836051,0.0043056839028255,0.0927449719860101,-0.145107297635844,11.3850616388687,0.0613333333333333,0.209333333333333,93.0664760543245,0.058055152394775,0.85921625544267,No,No,,0.8,Baker Mayfield,Todd Bowles
2024,WAS,NFC,6.0,12,5,0.705882352941177,94,0.210167763615698,0.0314013177972193,0.116522873329936,0.0408797143055311,0.0886921907348335,-0.0186708980451704,9.2920353982301,0.06957928802589,0.203883495145631,91.3658881811748,0.072463768115942,0.823188405797102,Conf Runner-up,No,,1.0,Jayden Daniels,Dan Quinn
