"season","game_type","week","gameday","away_team","away_score","home_team","home_score","location","overtime","winner","loser","away_offensive_epa","away_passing_epa","away_rushing_epa","away_defensive_epa","away_defensive_pass_epa","away_defensive_rush_epa","home_offensive_epa","home_passing_epa","home_rushing_epa","home_defensive_epa","home_defensive_pass_epa","home_defensive_rush_epa"
2000,"WC",18,"2000-12-30","IND",17,"MIA",23,"Home",1,"MIA","IND",0.100923784256193,0.248321484717235,-0.0669317066504211,0.0176699076961101,0.0486580296578115,-0.0546922046972449,-0.00920365788056992,0.0806703220019915,-0.150383216285506,-0.0967741101768136,-0.0760468257905758,-0.169073804268881
2000,"WC",18,"2000-12-30","STL",28,"NO",31,"Home",0,"NO","STL",NA,NA,NA,NA,NA,NA,0.00652643831905844,0.0846037952827839,-0.101256622427185,-0.0327383984811677,-0.0582455618209504,-0.0931092856215077
2000,"WC",18,"2000-12-31","DEN",3,"BAL",21,"Home",0,"BAL","DEN",0.0741821815339874,0.170374872184989,-0.026281820895496,-0.00688365695250854,0.0183076932741963,-0.138546855133957,-0.0184578957690684,-0.0588303945326577,-0.0496076728349038,-0.157649127121095,-0.129676286460665,-0.369403171538679
2000,"WC",18,"2000-12-31","TB",3,"PHI",21,"Home",0,"PHI","TB",0.00309597856874338,0.0405714010382773,-0.0834172223538308,-0.0863142110161186,-0.134461366969362,-0.072315772299404,0.0412901644492381,0.0628784620248427,-0.138475298559291,-0.0356929933842819,-0.0743720276384655,-0.101989123490116
2000,"DIV",19,"2001-01-06","NO",16,"MIN",34,"Home",0,"MIN","NO",0.00652643831905844,0.0846037952827839,-0.101256622427185,-0.0327383984811677,-0.0582455618209504,-0.0931092856215077,0.0953009603003527,0.187037378932334,-0.0262658077147591,0.0695255856273322,0.14863898541443,-0.0490790633324432
2000,"DIV",19,"2001-01-06","MIA",0,"OAK",27,"Home",0,"OAK","MIA",-0.00920365788056992,0.0806703220019915,-0.150383216285506,-0.0967741101768136,-0.0760468257905758,-0.169073804268881,NA,NA,NA,NA,NA,NA
2000,"DIV",19,"2001-01-07","BAL",24,"TEN",10,"Home",0,"BAL","TEN",-0.0184578957690684,-0.0588303945326577,-0.0496076728349038,-0.157649127121095,-0.129676286460665,-0.369403171538679,0.012971303422074,0.0850131560365411,-0.157891699225936,-0.115405013438015,-0.146231755871389,-0.274310327507473
2000,"DIV",19,"2001-01-07","PHI",10,"NYG",20,"Home",0,"NYG","PHI",0.0412901644492381,0.0628784620248427,-0.138475298559291,-0.0356929933842819,-0.0743720276384655,-0.101989123490116,0.0343522259682499,0.137208734687241,-0.133543364345533,-0.0296668294260578,0.0444566023582926,-0.294393985010851
2000,"CON",20,"2001-01-14","MIN",0,"NYG",41,"Home",0,"NYG","MIN",0.0953009603003527,0.187037378932334,-0.0262658077147591,0.0695255856273322,0.14863898541443,-0.0490790633324432,0.0343522259682499,0.137208734687241,-0.133543364345533,-0.0296668294260578,0.0444566023582926,-0.294393985010851
2000,"CON",20,"2001-01-14","BAL",16,"OAK",3,"Home",0,"BAL","OAK",-0.0184578957690684,-0.0588303945326577,-0.0496076728349038,-0.157649127121095,-0.129676286460665,-0.369403171538679,NA,NA,NA,NA,NA,NA
2000,"SB",21,"2001-01-28","BAL",34,"NYG",7,"Neutral",0,"BAL","NYG",-0.0184578957690684,-0.0588303945326577,-0.0496076728349038,-0.157649127121095,-0.129676286460665,-0.369403171538679,0.0343522259682499,0.137208734687241,-0.133543364345533,-0.0296668294260578,0.0444566023582926,-0.294393985010851
2001,"WC",18,"2002-01-12","TB",9,"PHI",31,"Home",0,"PHI","TB",-0.00429727618641222,0.0113568232547199,-0.0823558667761037,-0.0445344178824545,-0.0522316149635703,-0.128607166967365,0.016103005910408,0.0309785019440844,-0.150591167240176,-0.0883529245576594,-0.0933864809501615,-0.146849391058642
2001,"WC",18,"2002-01-12","NYJ",24,"OAK",38,"Home",0,"OAK","NYJ",-0.0145671686250718,0.00726573806810233,-0.0792132661672408,-0.0281346083537617,-0.0421155523106882,-0.0543986360998213,NA,NA,NA,NA,NA,NA
2001,"WC",18,"2002-01-13","SF",15,"GB",25,"Home",0,"GB","SF",0.0854403458075371,0.173281525939275,-0.00278482200974909,-0.017011220946041,0.00153906554799682,-0.163969079491965,0.0546139200426336,0.196194843278132,-0.149282572734701,-0.0650896725513187,-0.114124100463473,-0.0942401774965821
2001,"WC",18,"2002-01-13","BAL",20,"MIA",3,"Home",0,"BAL","MIA",-0.0548047848761844,-0.0353052808178256,-0.16596962447217,-0.116896177407152,-0.102947630269762,-0.226619901606359,0.0146705018658375,0.0678574316931256,-0.130855979360399,-0.0301540617492618,0.005694286552199,-0.122151357870905
2001,"DIV",19,"2002-01-19","PHI",33,"CHI",19,"Home",0,"PHI","CHI",0.016103005910408,0.0309785019440844,-0.150591167240176,-0.0883529245576594,-0.0933864809501615,-0.146849391058642,-0.013335248421668,-0.0349524365988716,-0.096403158310408,-0.122740469264763,-0.0845529114893715,-0.267997132682142
2001,"DIV",19,"2002-01-19","OAK",13,"NE",16,"Home",1,"NE","OAK",NA,NA,NA,NA,NA,NA,0.0248137537784809,0.0573134872214479,-0.10676693762908,-0.0546833229310983,-0.0514352991840824,-0.118608435054466
2001,"DIV",19,"2002-01-20","BAL",10,"PIT",27,"Home",0,"PIT","BAL",-0.0548047848761844,-0.0353052808178256,-0.16596962447217,-0.116896177407152,-0.102947630269762,-0.226619901606359,0.0471606035050859,0.156773658933054,-0.0393749906095799,-0.108670167902704,-0.114089520691584,-0.213118769087755
2001,"DIV",19,"2002-01-20","GB",17,"STL",45,"Home",0,"STL","GB",0.0546139200426336,0.196194843278132,-0.149282572734701,-0.0650896725513187,-0.114124100463473,-0.0942401774965821,NA,NA,NA,NA,NA,NA
2001,"CON",20,"2002-01-27","NE",24,"PIT",17,"Home",0,"NE","PIT",0.0248137537784809,0.0573134872214479,-0.10676693762908,-0.0546833229310983,-0.0514352991840824,-0.118608435054466,0.0471606035050859,0.156773658933054,-0.0393749906095799,-0.108670167902704,-0.114089520691584,-0.213118769087755
2001,"CON",20,"2002-01-27","PHI",24,"STL",29,"Home",0,"STL","PHI",0.016103005910408,0.0309785019440844,-0.150591167240176,-0.0883529245576594,-0.0933864809501615,-0.146849391058642,NA,NA,NA,NA,NA,NA
2001,"SB",21,"2002-02-03","STL",17,"NE",20,"Neutral",0,"NE","STL",NA,NA,NA,NA,NA,NA,0.0248137537784809,0.0573134872214479,-0.10676693762908,-0.0546833229310983,-0.0514352991840824,-0.118608435054466
2002,"WC",18,"2003-01-04","IND",0,"NYJ",41,"Home",0,"NYJ","IND",0.0161506805318279,0.112482823161097,-0.138916657785934,-0.0407476305741559,-0.0709408263780066,-0.0546017129496578,0.0797769814603951,0.135121770522187,-0.052384650335936,0.011610479714035,0.0816398617120132,-0.120613756661034
2002,"WC",18,"2003-01-04","ATL",27,"GB",7,"Home",0,"ATL","GB",0.044769869529453,0.0946593566318774,-0.0414439031461004,-0.0327783572079271,-0.0189734513051817,-0.087912365069625,0.0204735988787362,0.0721802735924458,-0.0832267495724493,-0.0363845707457136,-0.0990484618014767,-0.0420747708809114
2002,"WC",18,"2003-01-05","CLE",33,"PIT",36,"Home",0,"PIT","CLE",0.0178804467493137,0.0528241812169885,-0.0677641662399833,-0.0198964000765058,-0.00171269510844672,-0.0587288775285097,0.0310887429746025,0.0780249870700773,-0.0750055490551422,-0.0332447351761145,-0.048619022556268,-0.163220519626946
2002,"WC",18,"2003-01-05","NYG",38,"SF",39,"Home",0,"SF","NYG",0.000542408868784086,0.150134374402379,-0.178147387993097,-0.035297705244171,0.00928251366288165,-0.164518487312326,0.057795921289705,0.15805721191381,0.00791533377727474,0.0478576712682261,0.135445642979635,-0.108004793520428
2002,"DIV",19,"2003-01-11","PIT",31,"TEN",34,"Home",1,"TEN","PIT",0.0310887429746025,0.0780249870700773,-0.0750055490551422,-0.0332447351761145,-0.048619022556268,-0.163220519626946,0.0265977925438521,0.147053796403869,-0.093886874665295,-0.0256193326037568,0.0598432738536379,-0.219799834064865
2002,"DIV",19,"2003-01-11","ATL",6,"PHI",20,"Home",0,"PHI","ATL",0.044769869529453,0.0946593566318774,-0.0414439031461004,-0.0327783572079271,-0.0189734513051817,-0.087912365069625,0.0375098869974173,0.0392521761223453,-0.0408327160731136,-0.131546722106184,-0.133528273723064,-0.258208949687339
2002,"DIV",19,"2003-01-12","SF",6,"TB",31,"Home",0,"TB","SF",0.057795921289705,0.15805721191381,0.00791533377727474,0.0478576712682261,0.135445642979635,-0.108004793520428,-0.0246441857553196,0.0209402192265481,-0.14633395441692,-0.153276434284058,-0.290458418984598,-0.0756830674255356
2002,"DIV",19,"2003-01-12","NYJ",10,"OAK",30,"Home",0,"OAK","NYJ",0.0797769814603951,0.135121770522187,-0.052384650335936,0.011610479714035,0.0816398617120132,-0.120613756661034,NA,NA,NA,NA,NA,NA
2002,"CON",20,"2003-01-19","TB",27,"PHI",10,"Home",0,"TB","PHI",-0.0246441857553196,0.0209402192265481,-0.14633395441692,-0.153276434284058,-0.290458418984598,-0.0756830674255356,0.0375098869974173,0.0392521761223453,-0.0408327160731136,-0.131546722106184,-0.133528273723064,-0.258208949687339
2002,"CON",20,"2003-01-19","TEN",24,"OAK",41,"Home",0,"OAK","TEN",0.0265977925438521,0.147053796403869,-0.093886874665295,-0.0256193326037568,0.0598432738536379,-0.219799834064865,NA,NA,NA,NA,NA,NA
2002,"SB",21,"2003-01-26","OAK",21,"TB",48,"Neutral",0,"TB","OAK",NA,NA,NA,NA,NA,NA,-0.0246441857553196,0.0209402192265481,-0.14633395441692,-0.153276434284058,-0.290458418984598,-0.0756830674255356
2003,"WC",18,"2004-01-03","TEN",20,"BAL",17,"Home",0,"TEN","BAL",0.0467984708621607,0.213862780869794,-0.166716153772948,-0.0425192438592524,-0.0683741195300755,-0.115080393092694,-0.0485563403932244,-0.105021334221669,-0.0754258814345815,-0.146907295663716,-0.181514296037433,-0.209945936828713
2003,"WC",18,"2004-01-03","DAL",10,"CAR",29,"Home",0,"CAR","DAL",-0.0539926098525878,-0.0531863478477186,-0.123283990605967,-0.076375809077272,-0.106608984531535,-0.144924630845261,-0.0506308404638845,-0.0133981278893725,-0.133252614260614,-0.0630950624306711,-0.00449505766275507,-0.186172964548661
2003,"WC",18,"2004-01-04","SEA",27,"GB",33,"Home",1,"GB","SEA",0.0686030711477327,0.148337965180743,-0.039070544123641,0.00174617014149599,0.0713186926181285,-0.139799716085364,0.0724795859082384,0.129747849401478,0.0011199830008062,-0.0342551851919908,-0.0705770110359164,-0.0865218688629297
2003,"WC",18,"2004-01-04","DEN",10,"IND",41,"Home",0,"IND","DEN",0.0206436915926569,0.0428193891316858,0.0489607324210764,-0.0418159633898242,-0.0478970131526153,-0.110923251137233,0.109820402818792,0.212485369521926,-0.0624252942261468,0.0257809914918082,-0.0232995735855861,0.0324578449568073
2003,"DIV",19,"2004-01-10","CAR",29,"STL",23,"Home",1,"CAR","STL",-0.0506308404638845,-0.0133981278893725,-0.133252614260614,-0.0630950624306711,-0.00449505766275507,-0.186172964548661,NA,NA,NA,NA,NA,NA
2003,"DIV",19,"2004-01-10","TEN",14,"NE",17,"Home",0,"NE","TEN",0.0467984708621607,0.213862780869794,-0.166716153772948,-0.0425192438592524,-0.0683741195300755,-0.115080393092694,-0.0357656117579959,0.0482038707911435,-0.160827264638584,-0.116838420997096,-0.169233647393958,-0.136990538236832
2003,"DIV",19,"2004-01-11","IND",38,"KC",31,"Home",0,"IND","KC",0.109820402818792,0.212485369521926,-0.0624252942261468,0.0257809914918082,-0.0232995735855861,0.0324578449568073,0.127554566800157,0.157321882641634,0.0690396985306641,0.00415760644839751,-0.0243309555636909,0.00648298152886666
2003,"DIV",19,"2004-01-11","GB",17,"PHI",20,"Home",1,"PHI","GB",0.0724795859082384,0.129747849401478,0.0011199830008062,-0.0342551851919908,-0.0705770110359164,-0.0865218688629297,0.0437026660595976,0.0620859950138043,0.0192253530914558,-0.0275277473493065,-0.0434928988981313,-0.0153759895976537
2003,"CON",20,"2004-01-18","IND",14,"NE",24,"Home",0,"NE","IND",0.109820402818792,0.212485369521926,-0.0624252942261468,0.0257809914918082,-0.0232995735855861,0.0324578449568073,-0.0357656117579959,0.0482038707911435,-0.160827264638584,-0.116838420997096,-0.169233647393958,-0.136990538236832
2003,"CON",20,"2004-01-18","CAR",14,"PHI",3,"Home",0,"CAR","PHI",-0.0506308404638845,-0.0133981278893725,-0.133252614260614,-0.0630950624306711,-0.00449505766275507,-0.186172964548661,0.0437026660595976,0.0620859950138043,0.0192253530914558,-0.0275277473493065,-0.0434928988981313,-0.0153759895976537
2003,"SB",21,"2004-02-01","CAR",29,"NE",32,"Neutral",0,"NE","CAR",-0.0506308404638845,-0.0133981278893725,-0.133252614260614,-0.0630950624306711,-0.00449505766275507,-0.186172964548661,-0.0357656117579959,0.0482038707911435,-0.160827264638584,-0.116838420997096,-0.169233647393958,-0.136990538236832
2004,"WC",18,"2005-01-08","STL",27,"SEA",20,"Home",0,"STL","SEA",NA,NA,NA,NA,NA,NA,0.0286054289253464,0.0919393794380341,-0.0402750970591802,0.0294053231130524,0.0101479949568336,-0.0103821126557623
2004,"WC",18,"2005-01-08","NYJ",20,"SD",17,"Home",1,"NYJ","SD",0.0394036553227115,0.0168901217102887,0.0559830190374073,-0.0236598623870109,0.0523297063247779,-0.184693678619466,NA,NA,NA,NA,NA,NA
2004,"WC",18,"2005-01-09","DEN",24,"IND",49,"Home",0,"IND","DEN",0.0344345221475661,0.153786496137852,-0.0563372108929341,-0.0222604279169104,-0.0354074228327003,-0.126404169838722,0.181134886502518,0.411755179717219,-0.00280892353631831,0.0539405095252449,0.105896794240431,-0.071850583011589
2004,"WC",18,"2005-01-09","MIN",31,"GB",17,"Home",0,"MIN","GB",0.10836574562733,0.287195440601691,-0.0930716383365225,0.103026268162683,0.187071616307976,-0.0129607732884926,0.110036159560195,0.244157687040568,-0.0854931176880763,0.0758902204405362,0.161114220324651,-0.0436408800093494
2004,"DIV",19,"2005-01-15","NYJ",17,"PIT",20,"Home",1,"PIT","NYJ",0.0394036553227115,0.0168901217102887,0.0559830190374073,-0.0236598623870109,0.0523297063247779,-0.184693678619466,0.0381311703043147,0.133324151456956,-0.0277240580359066,-0.0627347521051896,-0.119171487085983,-0.15411333894567
2004,"DIV",19,"2005-01-15","STL",17,"ATL",47,"Home",0,"ATL","STL",NA,NA,NA,NA,NA,NA,-0.0155859679519058,-0.0471827014088583,-0.0143937488861438,-0.0205990539767554,0.00430318762150725,-0.0654200476746546
2004,"DIV",19,"2005-01-16","MIN",14,"PHI",27,"Home",0,"PHI","MIN",0.10836574562733,0.287195440601691,-0.0930716383365225,0.103026268162683,0.187071616307976,-0.0129607732884926,0.0717086130933109,0.139441814513614,-0.0601827800507951,-0.0330880969539408,-0.00585450975457406,-0.0603881115072842
2004,"DIV",19,"2005-01-16","IND",3,"NE",20,"Home",0,"NE","IND",0.181134886502518,0.411755179717219,-0.00280892353631831,0.0539405095252449,0.105896794240431,-0.071850583011589,0.103677613665921,0.227695169059561,-0.0364839672978648,-0.0436854275586713,-0.0511801967934737,-0.151451410564008
2004,"CON",20,"2005-01-23","ATL",10,"PHI",27,"Home",0,"PHI","ATL",-0.0155859679519058,-0.0471827014088583,-0.0143937488861438,-0.0205990539767554,0.00430318762150725,-0.0654200476746546,0.0717086130933109,0.139441814513614,-0.0601827800507951,-0.0330880969539408,-0.00585450975457406,-0.0603881115072842
2004,"CON",20,"2005-01-23","NE",41,"PIT",27,"Home",0,"NE","PIT",0.103677613665921,0.227695169059561,-0.0364839672978648,-0.0436854275586713,-0.0511801967934737,-0.151451410564008,0.0381311703043147,0.133324151456956,-0.0277240580359066,-0.0627347521051896,-0.119171487085983,-0.15411333894567
2004,"SB",21,"2005-02-06","NE",24,"PHI",21,"Neutral",0,"NE","PHI",0.103677613665921,0.227695169059561,-0.0364839672978648,-0.0436854275586713,-0.0511801967934737,-0.151451410564008,0.0717086130933109,0.139441814513614,-0.0601827800507951,-0.0330880969539408,-0.00585450975457406,-0.0603881115072842
2005,"WC",18,"2006-01-07","WAS",17,"TB",10,"Home",0,"WAS","TB",0.0261144430794643,0.100216735027407,-0.0828846267097551,-0.0252298125578466,-0.0327476907037189,-0.0938093235025442,-0.0376129337717608,-0.0640146379448168,-0.0659067416943124,-0.0567109155275362,-0.033352734975137,-0.181281997684927
2005,"WC",18,"2006-01-07","JAX",3,"NE",28,"Home",0,"NE","JAX",0.0204953891217164,0.112858387819177,-0.0771002620940887,-0.0617827182840122,-0.0330582381023882,-0.112187443348441,0.0848684720297707,0.180538610294941,-0.0802042260124296,0.0520940866887143,0.119682459157344,-0.0924037392550569
2005,"WC",18,"2006-01-08","CAR",23,"NYG",0,"Home",0,"CAR","NYG",0.040969711618853,0.122600686976922,-0.116250704683604,-0.071053900939847,-0.0522345474414997,-0.213181222149923,0.0521824108405007,0.0886164529364759,-0.0231918531161603,-0.0293669931462173,0.0224788041840258,-0.161423534298172
2005,"WC",18,"2006-01-08","PIT",31,"CIN",17,"Home",0,"PIT","CIN",0.0548190820767872,0.20153802794171,-0.0669510036153365,-0.0501323301481992,-0.0498313605907358,-0.142647401780753,0.0968915163172653,0.16023069980628,0.0231046920858321,0.0435418094695792,0.0375717353274006,-0.0226280433953457
2005,"DIV",19,"2006-01-14","WAS",10,"SEA",20,"Home",0,"SEA","WAS",0.0261144430794643,0.100216735027407,-0.0828846267097551,-0.0252298125578466,-0.0327476907037189,-0.0938093235025442,0.116129840808039,0.20547123205765,0.1003430075278,-0.0234201474153184,0.043242363548282,-0.189020872702241
2005,"DIV",19,"2006-01-14","NE",13,"DEN",27,"Home",0,"DEN","NE",0.0848684720297707,0.180538610294941,-0.0802042260124296,0.0520940866887143,0.119682459157344,-0.0924037392550569,0.080582071582726,0.111107298052962,0.0671758744138336,-0.0294477088199118,-0.0322582351124454,-0.0915884333126412
2005,"DIV",19,"2006-01-15","PIT",21,"IND",18,"Home",0,"PIT","IND",0.0548190820767872,0.20153802794171,-0.0669510036153365,-0.0501323301481992,-0.0498313605907358,-0.142647401780753,0.13331506505907,0.337267284606976,-0.00709735181298086,-0.0246917784929129,-0.0498310884121807,-0.0742157021188624
2005,"DIV",19,"2006-01-15","CAR",29,"CHI",21,"Home",0,"CAR","CHI",0.040969711618853,0.122600686976922,-0.116250704683604,-0.071053900939847,-0.0522345474414997,-0.213181222149923,-0.10796231086693,-0.146834436314052,-0.12876348031745,-0.142304661941373,-0.186906694466573,-0.136122981653062
2005,"CON",20,"2006-01-22","PIT",34,"DEN",17,"Home",0,"PIT","DEN",0.0548190820767872,0.20153802794171,-0.0669510036153365,-0.0501323301481992,-0.0498313605907358,-0.142647401780753,0.080582071582726,0.111107298052962,0.0671758744138336,-0.0294477088199118,-0.0322582351124454,-0.0915884333126412
2005,"CON",20,"2006-01-22","CAR",14,"SEA",34,"Home",0,"SEA","CAR",0.040969711618853,0.122600686976922,-0.116250704683604,-0.071053900939847,-0.0522345474414997,-0.213181222149923,0.116129840808039,0.20547123205765,0.1003430075278,-0.0234201474153184,0.043242363548282,-0.189020872702241
2005,"SB",21,"2006-02-05","SEA",10,"PIT",21,"Neutral",0,"PIT","SEA",0.116129840808039,0.20547123205765,0.1003430075278,-0.0234201474153184,0.043242363548282,-0.189020872702241,0.0548190820767872,0.20153802794171,-0.0669510036153365,-0.0501323301481992,-0.0498313605907358,-0.142647401780753
2006,"WC",18,"2007-01-06","KC",8,"IND",23,"Home",0,"IND","KC",0.00528943990175711,0.0324760415733443,-0.0501995393292865,-0.00775352188189303,0.023337176883823,-0.0602936253820466,0.11476315914917,0.293241390592103,-0.0434247093877121,0.0635620847277935,0.0560216844202415,0.0817076068640582
2006,"WC",18,"2007-01-06","DAL",20,"SEA",21,"Home",0,"SEA","DAL",0.0564006632858683,0.143173276474247,-0.021197962302021,-0.00694566598229332,0.0340888207156544,-0.0749203448147556,-0.0527759587088665,-0.0288130697950115,-0.13023193032159,-0.0472825832941586,-0.00150596306980918,-0.0768688321926246
2006,"WC",18,"2007-01-07","NYJ",16,"NE",37,"Home",0,"NE","NYJ",0.0100220407667783,0.0565749878298595,-0.109842614787778,-0.00818209310559241,-0.0485285535445291,0.0234950379224349,0.0371380799011578,0.120911378338017,-0.00743602676176175,-0.0849839108698926,-0.0602317087268352,-0.153677467092683
2006,"WC",18,"2007-01-07","NYG",20,"PHI",23,"Home",0,"PHI","NYG",-0.026152611308395,-0.0190200331290649,-0.0191462820813324,-0.022505597282193,0.0315754498849859,-0.127062273637345,0.0168802024480236,0.118742364965241,-0.0491908824443273,-0.0381053139861702,-0.0589871600985016,-0.0796266454509434
2006,"DIV",19,"2007-01-13","IND",15,"BAL",6,"Home",0,"IND","BAL",0.11476315914917,0.293241390592103,-0.0434247093877121,0.0635620847277935,0.0560216844202415,0.0817076068640582,-0.019385997588087,0.105983250581753,-0.175562735200931,-0.152529073912736,-0.190807849667837,-0.262430588090085
2006,"DIV",19,"2007-01-13","PHI",24,"NO",27,"Home",0,"NO","PHI",0.0168802024480236,0.118742364965241,-0.0491908824443273,-0.0381053139861702,-0.0589871600985016,-0.0796266454509434,0.0480892928140082,0.160270158955614,-0.0488878662670312,-0.0280819695954076,-0.00611308946552092,-0.0665085251649865
2006,"DIV",19,"2007-01-14","SEA",24,"CHI",27,"Home",1,"CHI","SEA",-0.0527759587088665,-0.0288130697950115,-0.13023193032159,-0.0472825832941586,-0.00150596306980918,-0.0768688321926246,-0.0235888726935309,-0.0393482216047438,-0.0541036911405483,-0.160128508666998,-0.178215333614372,-0.168645975427601
2006,"DIV",19,"2007-01-14","NE",24,"SD",21,"Home",0,"NE","SD",0.0371380799011578,0.120911378338017,-0.00743602676176175,-0.0849839108698926,-0.0602317087268352,-0.153677467092683,NA,NA,NA,NA,NA,NA
2006,"CON",20,"2007-01-21","NO",14,"CHI",39,"Home",0,"CHI","NO",0.0480892928140082,0.160270158955614,-0.0488878662670312,-0.0280819695954076,-0.00611308946552092,-0.0665085251649865,-0.0235888726935309,-0.0393482216047438,-0.0541036911405483,-0.160128508666998,-0.178215333614372,-0.168645975427601
2006,"CON",20,"2007-01-21","NE",34,"IND",38,"Home",0,"IND","NE",0.0371380799011578,0.120911378338017,-0.00743602676176175,-0.0849839108698926,-0.0602317087268352,-0.153677467092683,0.11476315914917,0.293241390592103,-0.0434247093877121,0.0635620847277935,0.0560216844202415,0.0817076068640582
2006,"SB",21,"2007-02-04","IND",29,"CHI",17,"Neutral",0,"IND","CHI",0.11476315914917,0.293241390592103,-0.0434247093877121,0.0635620847277935,0.0560216844202415,0.0817076068640582,-0.0235888726935309,-0.0393482216047438,-0.0541036911405483,-0.160128508666998,-0.178215333614372,-0.168645975427601
2007,"WC",18,"2008-01-05","WAS",14,"SEA",35,"Home",0,"SEA","WAS",-0.0251739230106401,0.0867274072629438,-0.198718066246901,-0.0450716546660593,-0.00872269684738587,-0.118879520776898,0.00213665661103102,0.106633229755226,-0.157553774528386,-0.082996229546531,-0.085582549846071,-0.177919865984406
2007,"WC",18,"2008-01-05","JAX",31,"PIT",29,"Home",0,"JAX","PIT",0.0826524494647254,0.191257439307246,0.016763366594134,-0.0150227568743658,-0.0142589269422346,-0.0741047825310649,0.0659205239954766,0.19984156288237,-0.0995811071806246,-0.045987581177566,-0.0654562844479722,-0.132825544683914
2007,"WC",18,"2008-01-06","NYG",24,"TB",14,"Home",0,"NYG","TB",-0.0124956929864908,-0.0624471799881657,-0.00808477424685921,-0.0311958287306345,-0.00764528964578138,-0.150026311513799,-0.0153743456290972,0.0596281389108593,-0.100138734415607,-0.0761793363386369,-0.0800223952635927,-0.120350007985894
2007,"WC",18,"2008-01-06","TEN",6,"SD",17,"Home",0,"SD","TEN",-0.041688927731525,-0.00295615716232516,-0.138820527814494,-0.0502521327755579,-0.0767023641722662,-0.0780759611714739,NA,NA,NA,NA,NA,NA
2007,"DIV",19,"2008-01-12","SEA",20,"GB",42,"Home",0,"GB","SEA",0.00213665661103102,0.106633229755226,-0.157553774528386,-0.082996229546531,-0.085582549846071,-0.177919865984406,0.0804355114594012,0.183504270857044,-0.109088068855484,-0.0421084461781158,-0.026309578280323,-0.0845781664533483
2007,"DIV",19,"2008-01-12","JAX",20,"NE",31,"Home",0,"NE","JAX",0.0826524494647254,0.191257439307246,0.016763366594134,-0.0150227568743658,-0.0142589269422346,-0.0741047825310649,0.213978785416016,0.422303566354676,0.0038006161487927,-0.0436476536470263,-0.11884932599189,-0.0110444804910475
2007,"DIV",19,"2008-01-13","SD",28,"IND",24,"Home",0,"SD","IND",NA,NA,NA,NA,NA,NA,0.104281505962248,0.223492599896582,0.0254512466627146,-0.0550367250601953,-0.0710583859154875,-0.107521617313435
2007,"DIV",19,"2008-01-13","NYG",21,"DAL",17,"Home",0,"NYG","DAL",-0.0124956929864908,-0.0624471799881657,-0.00808477424685921,-0.0311958287306345,-0.00764528964578138,-0.150026311513799,0.094741193482909,0.227554284763305,-0.0708226685311762,-0.0131837921798857,-0.00144629242283325,-0.110792467222517
2007,"CON",20,"2008-01-20","SD",12,"NE",21,"Home",0,"NE","SD",NA,NA,NA,NA,NA,NA,0.213978785416016,0.422303566354676,0.0038006161487927,-0.0436476536470263,-0.11884932599189,-0.0110444804910475
2007,"CON",20,"2008-01-20","NYG",23,"GB",20,"Home",1,"NYG","GB",-0.0124956929864908,-0.0624471799881657,-0.00808477424685921,-0.0311958287306345,-0.00764528964578138,-0.150026311513799,0.0804355114594012,0.183504270857044,-0.109088068855484,-0.0421084461781158,-0.026309578280323,-0.0845781664533483
2007,"SB",21,"2008-02-03","NYG",17,"NE",14,"Neutral",0,"NYG","NE",-0.0124956929864908,-0.0624471799881657,-0.00808477424685921,-0.0311958287306345,-0.00764528964578138,-0.150026311513799,0.213978785416016,0.422303566354676,0.0038006161487927,-0.0436476536470263,-0.11884932599189,-0.0110444804910475
2008,"WC",18,"2009-01-03","ATL",24,"ARI",30,"Home",0,"ARI","ATL",0.0667827172590177,0.163411570168361,-0.020992997334507,0.0108820221999891,0.0501498073241428,-0.0425967586659924,0.0315736237166772,0.137555126207143,-0.135997020806245,0.0253831638939825,0.101994374469191,-0.077764230839615
2008,"WC",18,"2009-01-03","IND",17,"SD",23,"Home",1,"SD","IND",0.0836911960887269,0.231287830181168,-0.0840074180793366,0.0184295497592508,-0.00360934305580368,-0.0219210597817246,NA,NA,NA,NA,NA,NA
2008,"WC",18,"2009-01-04","BAL",27,"MIA",9,"Home",0,"BAL","MIA",-0.0222758788421535,-0.00530188353163471,-0.0271619941231422,-0.156700647308642,-0.206594766714838,-0.236121950262972,0.0577868569582738,0.18141095397601,-0.0386338673226502,0.038856034408242,0.0315957528385334,-0.0300157901482236
2008,"WC",18,"2009-01-04","PHI",26,"MIN",14,"Home",0,"PHI","MIN",0.000202415287276483,0.0392752234682236,-0.0553764907872235,-0.100481608020399,-0.171629825234155,-0.138274940741507,-0.0489084783494541,-0.00119093176365451,-0.0811666863223341,-0.0880406756161386,-0.0398384830181048,-0.227236763347318
2008,"DIV",19,"2009-01-10","BAL",13,"TEN",10,"Home",0,"BAL","TEN",-0.0222758788421535,-0.00530188353163471,-0.0271619941231422,-0.156700647308642,-0.206594766714838,-0.236121950262972,0.00348087647509948,0.0390592577972652,-0.0443604590411146,-0.108474232865385,-0.132799616409093,-0.0887616951213342
2008,"DIV",19,"2009-01-10","ARI",33,"CAR",13,"Home",0,"ARI","CAR",0.0315736237166772,0.137555126207143,-0.135997020806245,0.0253831638939825,0.101994374469191,-0.077764230839615,0.0475010332784005,0.0727124653395487,0.0609763140393348,-0.0256384542074135,-0.0255263123266906,-0.0441612640426718
2008,"DIV",19,"2009-01-11","PHI",23,"NYG",11,"Home",0,"PHI","NYG",0.000202415287276483,0.0392752234682236,-0.0553764907872235,-0.100481608020399,-0.171629825234155,-0.138274940741507,0.0883328517323802,0.129085660656598,0.0505377492354915,-0.0225791009904029,-0.0245353286329842,-0.102574953220467
2008,"DIV",19,"2009-01-11","SD",24,"PIT",35,"Home",0,"PIT","SD",NA,NA,NA,NA,NA,NA,-0.0258919870969887,0.0204241218935644,-0.102624564656534,-0.13493059110861,-0.195495848472996,-0.181993213021648
2008,"CON",20,"2009-01-18","PHI",25,"ARI",32,"Home",0,"ARI","PHI",0.000202415287276483,0.0392752234682236,-0.0553764907872235,-0.100481608020399,-0.171629825234155,-0.138274940741507,0.0315736237166772,0.137555126207143,-0.135997020806245,0.0253831638939825,0.101994374469191,-0.077764230839615
2008,"CON",20,"2009-01-18","BAL",14,"PIT",23,"Home",0,"PIT","BAL",-0.0222758788421535,-0.00530188353163471,-0.0271619941231422,-0.156700647308642,-0.206594766714838,-0.236121950262972,-0.0258919870969887,0.0204241218935644,-0.102624564656534,-0.13493059110861,-0.195495848472996,-0.181993213021648
2008,"SB",21,"2009-02-01","PIT",27,"ARI",23,"Neutral",0,"PIT","ARI",-0.0258919870969887,0.0204241218935644,-0.102624564656534,-0.13493059110861,-0.195495848472996,-0.181993213021648,0.0315736237166772,0.137555126207143,-0.135997020806245,0.0253831638939825,0.101994374469191,-0.077764230839615
2009,"WC",18,"2010-01-09","NYJ",24,"CIN",14,"Home",0,"NYJ","CIN",-0.0488939524287395,-0.151333669288038,0.0113944209257841,-0.146965205726107,-0.220648116147914,-0.10290855953082,-0.0364274374418256,0.0357362192932648,-0.0792482589499559,-0.0513998027582698,-0.0425422980799979,-0.0897831583605332
2009,"WC",18,"2010-01-09","PHI",14,"DAL",34,"Home",0,"DAL","PHI",0.0236251920703297,0.0894223361793771,-0.028478198794859,-0.0492033527837891,-0.0364099579191963,-0.142276944496512,0.0510167230940361,0.176110979943132,-0.0388440600603195,-0.0413919776335112,0.0206899340943397,-0.146007816122649
2009,"WC",18,"2010-01-10","BAL",33,"NE",14,"Home",0,"BAL","NE",0.0441685922059646,0.0781577785156047,0.0315317376978889,-0.061723551065134,-0.0460735207937742,-0.146215187181974,0.07562961116394,0.220762288381009,-0.0332243810448907,-0.0383361993763274,0.00893553573600529,-0.0903461512860244
2009,"WC",18,"2010-01-10","GB",45,"ARI",51,"Home",1,"ARI","GB",0.0636541616624742,0.213407139902196,-0.0183220096643304,-0.0813306479746979,-0.0914311713912272,-0.242333842558733,-0.00843756844161668,0.0373507702896935,-0.142919566507323,-0.0483657989050414,-0.0345036265205327,-0.0628369265033975
2009,"DIV",19,"2010-01-16","ARI",14,"NO",45,"Home",0,"NO","ARI",-0.00843756844161668,0.0373507702896935,-0.142919566507323,-0.0483657989050414,-0.0345036265205327,-0.0628369265033975,0.0960779991638603,0.229267318474634,-0.0284470146470984,-0.0390727467259651,-0.0979594447226666,0.025391808461804
2009,"DIV",19,"2010-01-16","BAL",3,"IND",20,"Home",0,"IND","BAL",0.0441685922059646,0.0781577785156047,0.0315317376978889,-0.061723551065134,-0.0460735207937742,-0.146215187181974,0.080663797259217,0.238809271807805,-0.0798132487876528,-0.0107141031947521,-0.0253990257821544,-0.0481776993424332
2009,"DIV",19,"2010-01-17","DAL",3,"MIN",34,"Home",0,"MIN","DAL",0.0510167230940361,0.176110979943132,-0.0388440600603195,-0.0413919776335112,0.0206899340943397,-0.146007816122649,0.0706716054749886,0.238782743768508,-0.131446511437634,-0.0598463838037099,0.00352657819122847,-0.217064778738019
2009,"DIV",19,"2010-01-17","NYJ",17,"SD",14,"Home",0,"NYJ","SD",-0.0488939524287395,-0.151333669288038,0.0113944209257841,-0.146965205726107,-0.220648116147914,-0.10290855953082,NA,NA,NA,NA,NA,NA
2009,"CON",20,"2010-01-24","NYJ",17,"IND",30,"Home",0,"IND","NYJ",-0.0488939524287395,-0.151333669288038,0.0113944209257841,-0.146965205726107,-0.220648116147914,-0.10290855953082,0.080663797259217,0.238809271807805,-0.0798132487876528,-0.0107141031947521,-0.0253990257821544,-0.0481776993424332
2009,"CON",20,"2010-01-24","MIN",28,"NO",31,"Home",1,"NO","MIN",0.0706716054749886,0.238782743768508,-0.131446511437634,-0.0598463838037099,0.00352657819122847,-0.217064778738019,0.0960779991638603,0.229267318474634,-0.0284470146470984,-0.0390727467259651,-0.0979594447226666,0.025391808461804
2009,"SB",21,"2010-02-07","NO",31,"IND",17,"Neutral",0,"NO","IND",0.0960779991638603,0.229267318474634,-0.0284470146470984,-0.0390727467259651,-0.0979594447226666,0.025391808461804,0.080663797259217,0.238809271807805,-0.0798132487876528,-0.0107141031947521,-0.0253990257821544,-0.0481776993424332
2010,"WC",18,"2011-01-08","NO",36,"SEA",41,"Home",0,"SEA","NO",0.038319357899408,0.121109112682972,-0.116746748724723,-0.0221605342684838,0.0178214647805158,-0.131718703224155,-0.0645443635542845,-0.0681718406266943,-0.193700211826075,0.0126982063796963,0.110791762486741,-0.0699783854303608
2010,"WC",18,"2011-01-08","NYJ",17,"IND",16,"Home",0,"NYJ","IND",0.0040401902503236,0.0167532720696278,-0.0560280400588071,-0.0499132997325031,0.0288142249573676,-0.234974635789135,0.0754096157141678,0.181543682233186,-0.0670433520773351,0.0446209804537285,0.0519097943690127,-0.0437947673200596
2010,"WC",18,"2011-01-09","BAL",30,"KC",7,"Home",0,"BAL","KC",0.0320849210837444,0.132878030272495,-0.102001141190825,-0.03864972012864,0.000328114774541302,-0.137531987156705,0.0175347289461209,0.0946561452117531,-0.0312844235372346,-0.015332418862647,0.0127219962496037,-0.100634777992567
2010,"WC",18,"2011-01-09","GB",21,"PHI",16,"Home",0,"GB","PHI",0.0591090997888292,0.185978161127031,-0.117206993272196,-0.0657313816203987,-0.0927769374435203,-0.146471509008944,0.0689064983740278,0.103437076487062,0.0284653677228575,0.014114425991827,0.0893993891818367,-0.143084790930059
2010,"DIV",19,"2011-01-15","BAL",24,"PIT",31,"Home",0,"PIT","BAL",0.0320849210837444,0.132878030272495,-0.102001141190825,-0.03864972012864,0.000328114774541302,-0.137531987156705,0.0343876644417533,0.166101220656136,-0.120886902780066,-0.0872858311309526,-0.0916056842064958,-0.188013267399252
2010,"DIV",19,"2011-01-15","GB",48,"ATL",21,"Home",0,"GB","ATL",0.0591090997888292,0.185978161127031,-0.117206993272196,-0.0657313816203987,-0.0927769374435203,-0.146471509008944,0.0575828173273739,0.1622617672813,-0.065926475613429,-0.043478135357776,0.0140469925055673,-0.147164487816766
2010,"DIV",19,"2011-01-16","SEA",24,"CHI",35,"Home",0,"CHI","SEA",-0.0645443635542845,-0.0681718406266943,-0.193700211826075,0.0126982063796963,0.110791762486741,-0.0699783854303608,-0.0739356503609885,-0.0525844481920767,-0.165855619205542,-0.10851462793228,-0.0684795779470514,-0.178939004261252
2010,"DIV",19,"2011-01-16","NYJ",28,"NE",21,"Home",0,"NYJ","NE",0.0040401902503236,0.0167532720696278,-0.0560280400588071,-0.0499132997325031,0.0288142249573676,-0.234974635789135,0.161080502639495,0.262601534098854,0.0955152955942368,-0.00798448314268483,0.0213068070318347,-0.0736122823127932
2010,"CON",20,"2011-01-23","GB",21,"CHI",14,"Home",0,"GB","CHI",0.0591090997888292,0.185978161127031,-0.117206993272196,-0.0657313816203987,-0.0927769374435203,-0.146471509008944,-0.0739356503609885,-0.0525844481920767,-0.165855619205542,-0.10851462793228,-0.0684795779470514,-0.178939004261252
2010,"CON",20,"2011-01-23","NYJ",19,"PIT",24,"Home",0,"PIT","NYJ",0.0040401902503236,0.0167532720696278,-0.0560280400588071,-0.0499132997325031,0.0288142249573676,-0.234974635789135,0.0343876644417533,0.166101220656136,-0.120886902780066,-0.0872858311309526,-0.0916056842064958,-0.188013267399252
2010,"SB",21,"2011-02-06","PIT",25,"GB",31,"Neutral",0,"GB","PIT",0.0343876644417533,0.166101220656136,-0.120886902780066,-0.0872858311309526,-0.0916056842064958,-0.188013267399252,0.0591090997888292,0.185978161127031,-0.117206993272196,-0.0657313816203987,-0.0927769374435203,-0.146471509008944
2011,"WC",18,"2012-01-07","CIN",10,"HOU",31,"Home",0,"HOU","CIN",-0.0349054258775497,0.00357961039678525,-0.0798116443548047,-0.0537591707419539,-0.0073764651279385,-0.11229352005921,-0.000175124612338823,0.116002687833519,-0.0678483223106537,-0.0889476480683846,-0.087282083711106,-0.145090691825934
2011,"WC",18,"2012-01-07","DET",28,"NO",45,"Home",0,"NO","DET",0.00935612941601491,0.102076424179341,-0.104203885620859,-0.0453263017683659,-0.0550680365921018,-0.0779708224435988,0.153400563071586,0.306738802991088,0.0119090185302443,-0.015973784132023,0.0291601236525773,-0.0896239194271969
2011,"WC",18,"2012-01-08","ATL",2,"NYG",24,"Home",0,"NYG","ATL",0.0169132018910939,0.130047290552126,-0.08883613368833,-0.0258456189687728,0.0401375741733553,-0.167321689095751,0.0422080792399004,0.163921627744458,-0.13078506687774,0.0474695359531805,0.125778439855124,-0.0424755071549232
2011,"WC",18,"2012-01-08","PIT",23,"DEN",29,"Home",1,"DEN","PIT",0.0246023715490867,0.133974392614716,-0.0647615753315357,-0.059485561295359,-0.0499347500413984,-0.107736311699335,-0.0696934764992887,-0.101983819099071,-0.0743360115021405,-0.00448384548245816,0.0688885950813165,-0.0823612230902672
2011,"DIV",19,"2012-01-14","NO",32,"SF",36,"Home",0,"SF","NO",0.153400563071586,0.306738802991088,0.0119090185302443,-0.015973784132023,0.0291601236525773,-0.0896239194271969,0.0105943519082968,0.0614422205027005,-0.0912373317685045,-0.12146887433828,-0.0663043196731022,-0.229585871000586
2011,"DIV",19,"2012-01-14","DEN",10,"NE",45,"Home",0,"NE","DEN",-0.0696934764992887,-0.101983819099071,-0.0743360115021405,-0.00448384548245816,0.0688885950813165,-0.0823612230902672,0.174504603601745,0.301179165961694,0.0240284897433984,0.0449004938164896,0.137863490720806,-0.0780255625064065
2011,"DIV",19,"2012-01-15","HOU",13,"BAL",20,"Home",0,"BAL","HOU",-0.000175124612338823,0.116002687833519,-0.0678483223106537,-0.0889476480683846,-0.087282083711106,-0.145090691825934,-0.00181628722670199,0.110283975773458,-0.0546343751388238,-0.0918435192409859,-0.110505138183154,-0.149558154221638
2011,"DIV",19,"2012-01-15","NYG",37,"GB",20,"Home",0,"NYG","GB",0.0422080792399004,0.163921627744458,-0.13078506687774,0.0474695359531805,0.125778439855124,-0.0424755071549232,0.175457658155392,0.403356828783824,-0.113793763042792,0.0130219704701222,0.045779448762334,0.0172367665329099
2011,"CON",20,"2012-01-22","BAL",20,"NE",23,"Home",0,"NE","BAL",-0.00181628722670199,0.110283975773458,-0.0546343751388238,-0.0918435192409859,-0.110505138183154,-0.149558154221638,0.174504603601745,0.301179165961694,0.0240284897433984,0.0449004938164896,0.137863490720806,-0.0780255625064065
2011,"CON",20,"2012-01-22","NYG",20,"SF",17,"Home",1,"NYG","SF",0.0422080792399004,0.163921627744458,-0.13078506687774,0.0474695359531805,0.125778439855124,-0.0424755071549232,0.0105943519082968,0.0614422205027005,-0.0912373317685045,-0.12146887433828,-0.0663043196731022,-0.229585871000586
2011,"SB",21,"2012-02-05","NYG",21,"NE",17,"Neutral",0,"NYG","NE",0.0422080792399004,0.163921627744458,-0.13078506687774,0.0474695359531805,0.125778439855124,-0.0424755071549232,0.174504603601745,0.301179165961694,0.0240284897433984,0.0449004938164896,0.137863490720806,-0.0780255625064065
2012,"WC",18,"2013-01-05","CIN",13,"HOU",19,"Home",0,"HOU","CIN",0.0114189524887839,0.018531934953976,-0.0338091653244722,-0.0449459246602826,-0.0397629506435093,-0.0836099728821429,0.0331597869974251,0.163466814571292,-0.0457606443149239,-0.0360979778255023,-0.0420780454879801,-0.148759920608773
2012,"WC",18,"2013-01-05","MIN",10,"GB",24,"Home",0,"GB","MIN",0.0266970812178642,0.0300375802614165,-0.0103915774313183,-0.00131556219878173,0.11202608397097,-0.158065971935825,0.0708482659702902,0.220263107335215,-0.111222396692124,-0.00388855263541171,0.0352258729083873,-0.0523314458002201
2012,"WC",18,"2013-01-06","IND",9,"BAL",24,"Home",0,"BAL","IND",0.0196286492281277,0.0931073908082428,-0.0737628384362286,0.0475799549310677,0.124352292456122,0.00499974404933887,0.0484911433118283,0.0719473279513659,-0.0425109040707354,0.0100807148981778,0.0558966151919502,-0.0912522358197154
2012,"WC",18,"2013-01-06","SEA",24,"WAS",14,"Home",0,"SEA","WAS",0.0928531700936961,0.213033480082902,-0.0047552460779154,-0.0508434578120491,-0.0434110146735411,-0.0738047378162066,0.083161668775555,0.232776096977738,0.0320798045530464,0.0403499604752577,0.0794041239721775,-0.031304351053581
2012,"DIV",19,"2013-01-12","BAL",38,"DEN",35,"Home",1,"BAL","DEN",0.0484911433118283,0.0719473279513659,-0.0425109040707354,0.0100807148981778,0.0558966151919502,-0.0912522358197154,0.0920979994825848,0.271729602683246,-0.107772167526302,-0.053672037632809,-0.0717464883588156,-0.128521746090535
2012,"DIV",19,"2013-01-12","GB",31,"SF",45,"Home",0,"SF","GB",0.0708482659702902,0.220263107335215,-0.111222396692124,-0.00388855263541171,0.0352258729083873,-0.0523314458002201,0.0585679648447996,0.169827735277612,0.0290131674663616,-0.0480674362978089,-0.0277028718187125,-0.153607172531322
2012,"DIV",19,"2013-01-13","SEA",28,"ATL",30,"Home",0,"ATL","SEA",0.0928531700936961,0.213033480082902,-0.0047552460779154,-0.0508434578120491,-0.0434110146735411,-0.0738047378162066,0.0654189467078445,0.231860883952863,-0.194512840639008,-0.0368099304837387,-0.0149126541639721,-0.0783317667879875
2012,"DIV",19,"2013-01-13","HOU",28,"NE",41,"Home",0,"NE","HOU",0.0331597869974251,0.163466814571292,-0.0457606443149239,-0.0360979778255023,-0.0420780454879801,-0.148759920608773,0.147009219991361,0.280423347284222,0.0307669484012618,-0.00982345492091393,0.0898016486204943,-0.18842927946606
2012,"CON",20,"2013-01-20","SF",28,"ATL",24,"Home",0,"SF","ATL",0.0585679648447996,0.169827735277612,0.0290131674663616,-0.0480674362978089,-0.0277028718187125,-0.153607172531322,0.0654189467078445,0.231860883952863,-0.194512840639008,-0.0368099304837387,-0.0149126541639721,-0.0783317667879875
2012,"CON",20,"2013-01-20","BAL",28,"NE",13,"Home",0,"BAL","NE",0.0484911433118283,0.0719473279513659,-0.0425109040707354,0.0100807148981778,0.0558966151919502,-0.0912522358197154,0.147009219991361,0.280423347284222,0.0307669484012618,-0.00982345492091393,0.0898016486204943,-0.18842927946606
2012,"SB",21,"2013-02-03","BAL",34,"SF",31,"Neutral",0,"BAL","SF",0.0484911433118283,0.0719473279513659,-0.0425109040707354,0.0100807148981778,0.0558966151919502,-0.0912522358197154,0.0585679648447996,0.169827735277612,0.0290131674663616,-0.0480674362978089,-0.0277028718187125,-0.153607172531322
2013,"WC",18,"2014-01-04","KC",44,"IND",45,"Home",0,"IND","KC",0.0420271814364285,0.0732608055022013,-0.0652112368467974,-0.0560333760088526,-0.0162350743576188,-0.111792316398856,0.0447767501971189,0.10992028985911,-0.071368034774765,-0.00142947118232347,0.0858273306229383,-0.0914288050881388
2013,"WC",18,"2014-01-04","NO",26,"PHI",24,"Home",0,"NO","PHI",0.0728813145030551,0.208792130980635,-0.0796190682144816,-0.015988927784857,-0.0349083080282961,-0.028936089331151,0.0676490908732392,0.17797118970452,-0.0110242811920198,0.020436173303155,0.106117702836147,-0.187159343276136
2013,"WC",18,"2014-01-05","SD",27,"CIN",10,"Home",0,"SD","CIN",NA,NA,NA,NA,NA,NA,0.0225294280219124,0.107549505585259,-0.0873700553609644,-0.0748193680716478,-0.0820176338522325,-0.13210559293632
2013,"WC",18,"2014-01-05","SF",23,"GB",20,"Home",0,"SF","GB",0.0365892307709471,0.15574810470635,-0.110323917428581,-0.0760124973843894,-0.0391631553683605,-0.144825475471501,0.0566069113984778,0.10931331826456,0.00327713083337002,0.0642008292629554,0.11168146271205,0.0188455763185508
2013,"DIV",19,"2014-01-11","NO",15,"SEA",23,"Home",0,"SEA","NO",0.0728813145030551,0.208792130980635,-0.0796190682144816,-0.015988927784857,-0.0349083080282961,-0.028936089331151,0.0351300360869608,0.188351487219807,-0.100877828441866,-0.118913804837847,-0.16494520792744,-0.128023763298116
2013,"DIV",19,"2014-01-11","IND",22,"NE",43,"Home",0,"NE","IND",0.0447767501971189,0.10992028985911,-0.071368034774765,-0.00142947118232347,0.0858273306229383,-0.0914288050881388,0.0715771303422955,0.155459436549394,-0.0795333528093261,-0.00560397748413747,0.0426300549188362,-0.0649443382922797
2013,"DIV",19,"2014-01-12","SF",23,"CAR",10,"Home",0,"SF","CAR",0.0365892307709471,0.15574810470635,-0.110323917428581,-0.0760124973843894,-0.0391631553683605,-0.144825475471501,0.0475784066413,0.130027828630714,-0.0556463128751379,-0.055475588302528,-0.0594051895548362,-0.163614277030893
2013,"DIV",19,"2014-01-12","SD",17,"DEN",24,"Home",0,"DEN","SD",NA,NA,NA,NA,NA,NA,0.168864046876621,0.344097429731749,-0.0296381988231175,0.0218459271021094,0.0858077003907804,-0.178423436216291
2013,"CON",20,"2014-01-19","NE",16,"DEN",26,"Home",0,"DEN","NE",0.0715771303422955,0.155459436549394,-0.0795333528093261,-0.00560397748413747,0.0426300549188362,-0.0649443382922797,0.168864046876621,0.344097429731749,-0.0296381988231175,0.0218459271021094,0.0858077003907804,-0.178423436216291
2013,"CON",20,"2014-01-19","SF",17,"SEA",23,"Home",0,"SEA","SF",0.0365892307709471,0.15574810470635,-0.110323917428581,-0.0760124973843894,-0.0391631553683605,-0.144825475471501,0.0351300360869608,0.188351487219807,-0.100877828441866,-0.118913804837847,-0.16494520792744,-0.128023763298116
2013,"SB",21,"2014-02-02","SEA",43,"DEN",8,"Neutral",0,"SEA","DEN",0.0351300360869608,0.188351487219807,-0.100877828441866,-0.118913804837847,-0.16494520792744,-0.128023763298116,0.168864046876621,0.344097429731749,-0.0296381988231175,0.0218459271021094,0.0858077003907804,-0.178423436216291
2014,"WC",18,"2015-01-03","ARI",16,"CAR",27,"Home",0,"CAR","ARI",-0.0618443625147362,0.0562735415862142,-0.165937028958589,-0.0763933833439232,-0.00470693483457319,-0.135796583524679,-0.0310005939395151,0.0591117610255782,-0.104463810524475,-0.0119856319707568,0.0507533588022362,-0.0761540714415548
2014,"WC",18,"2015-01-03","BAL",30,"PIT",17,"Home",0,"BAL","PIT",0.0546635794501605,0.146861605257283,-0.0479801553621403,-0.0364339922415856,0.0663259051631654,-0.218462113555518,0.0784922249649986,0.243399119441707,-0.0838702578066502,0.0284357815530588,0.115326394820657,-0.106651020763335
2014,"WC",18,"2015-01-04","CIN",10,"IND",26,"Home",0,"IND","CIN",-0.0153859382227884,-0.0153348157700558,-0.0205121480331142,-0.0298646363762695,0.0168699150852679,-0.0556452750806025,0.0301013416856227,0.144678379353531,-0.22294265275625,-0.0444891048773373,0.016418474757946,-0.122540155733476
2014,"WC",18,"2015-01-04","DET",20,"DAL",24,"Home",0,"DAL","DET",-0.0587785732853126,0.0740252248273472,-0.161030624603345,-0.0879042819359787,0.00176612232425275,-0.306888386435838,0.0843403618708595,0.285899529219638,-0.0676654040234404,-0.0158644564636284,0.0565276260766917,-0.089478641779766
2014,"DIV",19,"2015-01-10","BAL",31,"NE",35,"Home",0,"NE","BAL",0.0546635794501605,0.146861605257283,-0.0479801553621403,-0.0364339922415856,0.0663259051631654,-0.218462113555518,0.0672709301971512,0.171373299254692,-0.0459907930074626,-0.0541944185852983,0.0262595960236447,-0.111799775954504
2014,"DIV",19,"2015-01-10","CAR",17,"SEA",31,"Home",0,"SEA","CAR",-0.0310005939395151,0.0591117610255782,-0.104463810524475,-0.0119856319707568,0.0507533588022362,-0.0761540714415548,0.0298512729767507,0.138863246851618,0.0295028806497014,-0.0933342441367984,-0.0363957536332786,-0.231415823630569
2014,"DIV",19,"2015-01-11","DAL",21,"GB",26,"Home",0,"GB","DAL",0.0843403618708595,0.285899529219638,-0.0676654040234404,-0.0158644564636284,0.0565276260766917,-0.089478641779766,0.0933455760451374,0.315502060999513,-0.133044815054081,-0.0230562289656895,0.0062549012372418,-0.11340049195148
2014,"DIV",19,"2015-01-11","IND",24,"DEN",13,"Home",0,"IND","DEN",0.0301013416856227,0.144678379353531,-0.22294265275625,-0.0444891048773373,0.016418474757946,-0.122540155733476,0.0524824070255094,0.19008299118353,-0.0750644133493334,-0.0473742357491873,0.00484910098964866,-0.199984841037609
2014,"CON",20,"2015-01-18","GB",22,"SEA",28,"Home",1,"SEA","GB",0.0933455760451374,0.315502060999513,-0.133044815054081,-0.0230562289656895,0.0062549012372418,-0.11340049195148,0.0298512729767507,0.138863246851618,0.0295028806497014,-0.0933342441367984,-0.0363957536332786,-0.231415823630569
2014,"CON",20,"2015-01-18","IND",7,"NE",45,"Home",0,"NE","IND",0.0301013416856227,0.144678379353531,-0.22294265275625,-0.0444891048773373,0.016418474757946,-0.122540155733476,0.0672709301971512,0.171373299254692,-0.0459907930074626,-0.0541944185852983,0.0262595960236447,-0.111799775954504
2014,"SB",21,"2015-02-01","NE",28,"SEA",24,"Neutral",0,"NE","SEA",0.0672709301971512,0.171373299254692,-0.0459907930074626,-0.0541944185852983,0.0262595960236447,-0.111799775954504,0.0298512729767507,0.138863246851618,0.0295028806497014,-0.0933342441367984,-0.0363957536332786,-0.231415823630569
2015,"WC",18,"2016-01-09","KC",30,"HOU",0,"Home",0,"KC","HOU",0.0343221804772643,0.0669016588390381,-0.0234167404153032,-0.0698891184722568,-0.0655475447628023,-0.163832276494026,-0.0615179738957667,0.0218253435982402,-0.169790745937289,-0.0911658770040474,-0.0910436966014827,-0.125906347963383
2015,"WC",18,"2016-01-09","PIT",18,"CIN",16,"Home",0,"PIT","CIN",0.0363766826933395,0.142615476385545,-0.0340106900671198,-0.0475473595817829,0.0297124715385079,-0.1934363829548,0.0491059689575423,0.229042361279186,-0.141065950730322,-0.0682156301056459,-0.0383041481933636,-0.113373553138344
2015,"WC",18,"2016-01-10","SEA",10,"MIN",9,"Home",0,"SEA","MIN",0.0664297879507205,0.249320824580005,-0.103600598288636,-0.0591906232643086,-0.042120355907092,-0.148027060689087,0.0274307198218418,0.0498427434408582,-0.01042943728489,-0.0291760729510621,0.0301573969670755,-0.144220496399243
2015,"WC",18,"2016-01-10","GB",35,"WAS",18,"Home",0,"GB","WAS",0.00570214930161772,0.0786681655115637,-0.136019484736587,-0.0360614423296105,-0.029131018378531,-0.072146468162351,0.0123147602500038,0.167275300033244,-0.190809035983823,0.0031897917464535,0.0845529469974803,-0.131863324928156
2015,"DIV",19,"2016-01-16","KC",20,"NE",27,"Home",0,"NE","KC",0.0343221804772643,0.0669016588390381,-0.0234167404153032,-0.0698891184722568,-0.0655475447628023,-0.163832276494026,0.0713615266017872,0.173929227280053,-0.0751064301486744,-0.0515419219901377,0.025650250216814,-0.182311323375948
2015,"DIV",19,"2016-01-16","GB",20,"ARI",26,"Home",1,"ARI","GB",0.00570214930161772,0.0786681655115637,-0.136019484736587,-0.0360614423296105,-0.029131018378531,-0.072146468162351,0.0752636215593361,0.260051488440606,-0.058725694101099,-0.0713229878881049,-0.0176708577999854,-0.245258048571933
2015,"DIV",19,"2016-01-17","SEA",24,"CAR",31,"Home",0,"CAR","SEA",0.0664297879507205,0.249320824580005,-0.103600598288636,-0.0591906232643086,-0.042120355907092,-0.148027060689087,0.0584783146990139,0.152836881902447,-0.0216492859331197,-0.0981032066501503,-0.0979850665033528,-0.169370504144946
2015,"DIV",19,"2016-01-17","PIT",16,"DEN",23,"Home",0,"DEN","PIT",0.0363766826933395,0.142615476385545,-0.0340106900671198,-0.0475473595817829,0.0297124715385079,-0.1934363829548,-0.0564545060098407,-0.0412863444525402,-0.119978080744948,-0.0997054079178766,-0.103642587260763,-0.186942592672741
2015,"CON",20,"2016-01-24","NE",18,"DEN",20,"Home",0,"DEN","NE",0.0713615266017872,0.173929227280053,-0.0751064301486744,-0.0515419219901377,0.025650250216814,-0.182311323375948,-0.0564545060098407,-0.0412863444525402,-0.119978080744948,-0.0997054079178766,-0.103642587260763,-0.186942592672741
2015,"CON",20,"2016-01-24","ARI",15,"CAR",49,"Home",0,"CAR","ARI",0.0752636215593361,0.260051488440606,-0.058725694101099,-0.0713229878881049,-0.0176708577999854,-0.245258048571933,0.0584783146990139,0.152836881902447,-0.0216492859331197,-0.0981032066501503,-0.0979850665033528,-0.169370504144946
2015,"SB",21,"2016-02-07","CAR",10,"DEN",24,"Neutral",0,"DEN","CAR",0.0584783146990139,0.152836881902447,-0.0216492859331197,-0.0981032066501503,-0.0979850665033528,-0.169370504144946,-0.0564545060098407,-0.0412863444525402,-0.119978080744948,-0.0997054079178766,-0.103642587260763,-0.186942592672741
2016,"WC",18,"2017-01-07","OAK",14,"HOU",27,"Home",0,"HOU","OAK",NA,NA,NA,NA,NA,NA,-0.104192988951128,-0.0291163370907444,-0.154388959425961,-0.0669959970231406,0.0226779896110973,-0.170892783296924
2016,"WC",18,"2017-01-07","DET",6,"SEA",26,"Home",0,"SEA","DET",0.0324112401941621,0.166129139769421,-0.186801086170686,0.0479230801556855,0.22380897574549,-0.0929806086056225,-0.00794796591071652,0.102030735507877,-0.126174467176946,-0.0680448012031986,0.0588116718016095,-0.207026474487293
2016,"WC",18,"2017-01-08","MIA",12,"PIT",30,"Home",0,"PIT","MIA",-0.0336936798705634,0.062036143963994,-0.0923949756700372,-0.0092398766844065,0.0585911837972205,-0.0491266327193687,0.0502698576778893,0.157983952423373,-0.0430901419310143,-0.00771656449086842,0.0559813763980972,-0.0672186392408078
2016,"WC",18,"2017-01-08","NYG",13,"GB",38,"Home",0,"GB","NYG",-0.0673356445998531,-0.0345217664640375,-0.143651594509079,-0.0747874632835757,-0.0273521600289328,-0.192727403564586,0.0788076891761249,0.242849706486961,-0.137089507752083,0.0442601768746195,0.135054447963304,-0.0879682396148495
2016,"DIV",19,"2017-01-14","SEA",20,"ATL",36,"Home",0,"ATL","SEA",-0.00794796591071652,0.102030735507877,-0.126174467176946,-0.0680448012031986,0.0588116718016095,-0.207026474487293,0.144835782349118,0.315090083201253,0.000923007331447907,0.0159185563369686,0.0923034239244526,-0.0425557154394869
2016,"DIV",19,"2017-01-14","HOU",16,"NE",34,"Home",0,"NE","HOU",-0.104192988951128,-0.0291163370907444,-0.154388959425961,-0.0669959970231406,0.0226779896110973,-0.170892783296924,0.0968601430260086,0.274884531139393,-0.0767333028592294,-0.0681150220645242,-0.00101696800175399,-0.127474025365407
2016,"DIV",19,"2017-01-15","GB",34,"DAL",31,"Home",0,"GB","DAL",0.0788076891761249,0.242849706486961,-0.137089507752083,0.0442601768746195,0.135054447963304,-0.0879682396148495,0.0797810502151371,0.221879116212777,0.0058733827430369,-0.0243281575931313,0.0795265862275438,-0.144809731998266
2016,"DIV",19,"2017-01-15","PIT",18,"KC",16,"Home",0,"PIT","KC",0.0502698576778893,0.157983952423373,-0.0430901419310143,-0.00771656449086842,0.0559813763980972,-0.0672186392408078,0.00931836356428958,0.0867521709722197,-0.105091998572422,-0.0551900097390214,0.00386183821793926,-0.0783567210148057
2016,"CON",20,"2017-01-22","GB",21,"ATL",44,"Home",0,"ATL","GB",0.0788076891761249,0.242849706486961,-0.137089507752083,0.0442601768746195,0.135054447963304,-0.0879682396148495,0.144835782349118,0.315090083201253,0.000923007331447907,0.0159185563369686,0.0923034239244526,-0.0425557154394869
2016,"CON",20,"2017-01-22","PIT",17,"NE",36,"Home",0,"NE","PIT",0.0502698576778893,0.157983952423373,-0.0430901419310143,-0.00771656449086842,0.0559813763980972,-0.0672186392408078,0.0968601430260086,0.274884531139393,-0.0767333028592294,-0.0681150220645242,-0.00101696800175399,-0.127474025365407
2016,"SB",21,"2017-02-05","NE",34,"ATL",28,"Neutral",1,"NE","ATL",0.0968601430260086,0.274884531139393,-0.0767333028592294,-0.0681150220645242,-0.00101696800175399,-0.127474025365407,0.144835782349118,0.315090083201253,0.000923007331447907,0.0159185563369686,0.0923034239244526,-0.0425557154394869
2017,"WC",18,"2018-01-06","TEN",22,"KC",21,"Home",0,"TEN","KC",-0.0498562998231315,-0.0572527429880398,-0.0865493465631261,-0.0239296684123165,0.0515825538172432,-0.189366109201044,0.0642246019334921,0.168454764809113,-0.0733843482682855,-0.011228554278001,0.0904772353811396,-0.0768689461708624
2017,"WC",18,"2018-01-06","ATL",26,"LA",13,"Home",0,"ATL","LA",0.0252265659394357,0.185121977406523,-0.153561336069425,-0.0126739995763374,0.0537564444746129,-0.122326907294341,0.052578996305666,0.131005352109837,-0.0503895860700709,-0.0827990671638547,-0.0863225148631749,-0.0515829319456528
2017,"WC",18,"2018-01-07","BUF",3,"JAX",10,"Home",0,"JAX","BUF",-0.0612492578830657,-0.023583562361418,-0.137100018881646,-0.0107838223063569,0.0197290925098321,0.00728073977616406,-0.015295510810316,0.0959602681130095,-0.072483709269399,-0.149081373157786,-0.222697104868876,-0.141254299782402
2017,"WC",18,"2018-01-07","CAR",26,"NO",31,"Home",0,"NO","CAR",-0.0217254689201547,0.0365531467997783,-0.0935821205280039,-0.0549602284587091,-0.0112360225054339,-0.152240248615946,0.0677882946898963,0.14023460870611,0.0281979016919225,-0.0379578743879039,0.0180082835138912,-0.105954148008549
2017,"DIV",19,"2018-01-13","ATL",10,"PHI",15,"Home",0,"PHI","ATL",0.0252265659394357,0.185121977406523,-0.153561336069425,-0.0126739995763374,0.0537564444746129,-0.122326907294341,0.0375319289189391,0.148096321628084,-0.0913243705427603,-0.104423219784785,-0.071984219540905,-0.193183789543801
2017,"DIV",19,"2018-01-13","TEN",14,"NE",35,"Home",0,"NE","TEN",-0.0498562998231315,-0.0572527429880398,-0.0865493465631261,-0.0239296684123165,0.0515825538172432,-0.189366109201044,0.120579936577209,0.255958691540596,-0.0424454685827447,-0.00900203558971212,0.0734431029373301,-0.0516232697369121
2017,"DIV",19,"2018-01-14","JAX",45,"PIT",42,"Home",0,"JAX","PIT",-0.015295510810316,0.0959602681130095,-0.072483709269399,-0.149081373157786,-0.222697104868876,-0.141254299782402,0.0430353398470749,0.178409463226369,-0.0866918163537062,-0.0394851684804318,-0.0231466599724675,-0.0660099935043184
2017,"DIV",19,"2018-01-14","NO",24,"MIN",29,"Home",0,"MIN","NO",0.0677882946898963,0.14023460870611,0.0281979016919225,-0.0379578743879039,0.0180082835138912,-0.105954148008549,-0.00580862170013441,0.156227233742944,-0.139783179621678,-0.122891702251745,-0.116477813299769,-0.16339637733426
2017,"CON",20,"2018-01-21","JAX",20,"NE",24,"Home",0,"NE","JAX",-0.015295510810316,0.0959602681130095,-0.072483709269399,-0.149081373157786,-0.222697104868876,-0.141254299782402,0.120579936577209,0.255958691540596,-0.0424454685827447,-0.00900203558971212,0.0734431029373301,-0.0516232697369121
2017,"CON",20,"2018-01-21","MIN",7,"PHI",38,"Home",0,"PHI","MIN",-0.00580862170013441,0.156227233742944,-0.139783179621678,-0.122891702251745,-0.116477813299769,-0.16339637733426,0.0375319289189391,0.148096321628084,-0.0913243705427603,-0.104423219784785,-0.071984219540905,-0.193183789543801
2017,"SB",21,"2018-02-04","PHI",41,"NE",33,"Neutral",0,"PHI","NE",0.0375319289189391,0.148096321628084,-0.0913243705427603,-0.104423219784785,-0.071984219540905,-0.193183789543801,0.120579936577209,0.255958691540596,-0.0424454685827447,-0.00900203558971212,0.0734431029373301,-0.0516232697369121
2018,"WC",18,"2019-01-05","IND",21,"HOU",7,"Home",0,"IND","HOU",0.0353639433928764,0.142326791474808,-0.0910269634440325,-0.037287655845884,0.0352648852012128,-0.130789404351973,0.00875237601544276,0.142290451801505,-0.148842258374799,-0.0678925811149245,0.0326644869603618,-0.25256059235501
2018,"WC",18,"2019-01-05","SEA",22,"DAL",24,"Home",0,"DAL","SEA",0.0550548703935118,0.209741525512198,-0.0272738292805506,-0.010434672569898,0.0737786551199681,-0.130043378328909,-0.0232088681866813,0.0528057780653583,-0.0571921011496133,-0.0360688139832861,0.0615491592562314,-0.194942028378937
2018,"WC",18,"2019-01-06","LAC",23,"BAL",17,"Home",0,"LAC","BAL",0.0573497357702048,0.214375102562638,0.00369478543175159,-0.0292916406171143,0.0223505956403664,-0.0940523595411466,0.0106364982792492,0.0577779978642967,0.0036145866308677,-0.0806037081026329,-0.0348686842110857,-0.147282258005379
2018,"WC",18,"2019-01-06","PHI",16,"CHI",15,"Home",0,"PHI","CHI",0.0212995892299313,0.110205796524551,-0.0848819716850859,0.0103639190615525,0.0794808643136011,-0.104550774596933,-0.00520804635218175,0.151211532715126,-0.119319352011137,-0.128392619478433,-0.0877386349678973,-0.217032389064365
2018,"DIV",19,"2019-01-12","IND",13,"KC",31,"Home",0,"KC","IND",0.0353639433928764,0.142326791474808,-0.0910269634440325,-0.037287655845884,0.0352648852012128,-0.130789404351973,0.184712165240365,0.347581338836254,0.0209082326220291,0.0441323433740679,0.110488865061178,0.00284173308236998
2018,"DIV",19,"2019-01-12","DAL",22,"LA",30,"Home",0,"LA","DAL",-0.0232088681866813,0.0528057780653583,-0.0571921011496133,-0.0360688139832861,0.0615491592562314,-0.194942028378937,0.105849918509691,0.206774097680688,0.0654855282879853,-0.0179992306617119,0.0428302494709496,-0.0882033209350931
2018,"DIV",19,"2019-01-13","LAC",28,"NE",41,"Home",0,"NE","LAC",0.0573497357702048,0.214375102562638,0.00369478543175159,-0.0292916406171143,0.0223505956403664,-0.0940523595411466,0.0471022360630919,0.179042463071416,-0.0305146526498268,-0.0469722572831343,0.0078478092110841,-0.138051459110118
2018,"DIV",19,"2019-01-13","PHI",14,"NO",20,"Home",0,"NO","PHI",0.0212995892299313,0.110205796524551,-0.0848819716850859,0.0103639190615525,0.0794808643136011,-0.104550774596933,0.115840850379388,0.279730761587156,-0.00640840567248081,-0.021605619163557,0.126556023190187,-0.205778773265723
2018,"CON",20,"2019-01-20","LA",26,"NO",23,"Home",1,"LA","NO",0.105849918509691,0.206774097680688,0.0654855282879853,-0.0179992306617119,0.0428302494709496,-0.0882033209350931,0.115840850379388,0.279730761587156,-0.00640840567248081,-0.021605619163557,0.126556023190187,-0.205778773265723
2018,"CON",20,"2019-01-20","NE",37,"KC",31,"Home",1,"NE","KC",0.0471022360630919,0.179042463071416,-0.0305146526498268,-0.0469722572831343,0.0078478092110841,-0.138051459110118,0.184712165240365,0.347581338836254,0.0209082326220291,0.0441323433740679,0.110488865061178,0.00284173308236998
2018,"SB",21,"2019-02-03","NE",13,"LA",3,"Neutral",0,"NE","LA",0.0471022360630919,0.179042463071416,-0.0305146526498268,-0.0469722572831343,0.0078478092110841,-0.138051459110118,0.105849918509691,0.206774097680688,0.0654855282879853,-0.0179992306617119,0.0428302494709496,-0.0882033209350931
2019,"WC",18,"2020-01-04","BUF",19,"HOU",22,"Home",1,"HOU","BUF",-0.0397328991044184,0.0229207268598748,-0.0820365747172081,-0.0955905569430562,-0.0940239303145533,-0.0645793828537233,0.0266438747146342,0.133619644628142,-0.0712448500484352,0.030161717193829,0.137242558634019,-0.0871864072743682
2019,"WC",18,"2020-01-04","TEN",20,"NE",13,"Home",0,"TEN","NE",0.0206195612554214,0.140945923835617,-0.0432720800418331,-0.037808667839174,0.0467893700244102,-0.146416506543661,-0.0127742667777113,0.0649463671350456,-0.0775772984799861,-0.188355093824225,-0.241297886088424,-0.168144087679182
2019,"WC",18,"2020-01-05","MIN",26,"NO",20,"Home",1,"MIN","NO",0.0198333647446543,0.174248726705772,-0.0816329877044535,-0.071167784322004,-0.0319700654657242,-0.133516324055175,0.0492252659059979,0.170473528042831,-0.071471468415988,-0.054271659212408,0.0427771615051999,-0.216957437473358
2019,"WC",18,"2020-01-05","SEA",17,"PHI",9,"Home",0,"SEA","PHI",-0.00369654570641541,0.118986726786105,-0.136374468954119,-0.00908190864816701,0.0745486489330538,-0.0929839997767677,-0.00261281639387462,0.0701036568089986,-0.103727152535148,-0.0290761053468486,0.0622567408272197,-0.214127053553592
2019,"DIV",19,"2020-01-11","MIN",10,"SF",27,"Home",0,"SF","MIN",0.0198333647446543,0.174248726705772,-0.0816329877044535,-0.071167784322004,-0.0319700654657242,-0.133516324055175,0.0343587870427169,0.1911333668319,-0.0613146983143763,-0.118358604541897,-0.120091406460655,-0.166321637536065
2019,"DIV",19,"2020-01-11","TEN",28,"BAL",12,"Home",0,"TEN","BAL",0.0206195612554214,0.140945923835617,-0.0432720800418331,-0.037808667839174,0.0467893700244102,-0.146416506543661,0.14635857326945,0.319922023543179,0.0875753020867132,-0.0697849064730201,-0.0809419605015573,-0.10093059105796
2019,"DIV",19,"2020-01-12","HOU",31,"KC",51,"Home",0,"KC","HOU",0.0266438747146342,0.133619644628142,-0.0712448500484352,0.030161717193829,0.137242558634019,-0.0871864072743682,0.0958330925972584,0.246693517351842,-0.0941341077021809,-0.0340972316944331,0.0163036631579245,-0.0303792856003444
2019,"DIV",19,"2020-01-12","SEA",23,"GB",28,"Home",0,"GB","SEA",-0.00369654570641541,0.118986726786105,-0.136374468954119,-0.00908190864816701,0.0745486489330538,-0.0929839997767677,0.0211933647731085,0.127258787646334,-0.0594979429377663,-0.0346217671211004,-0.042869597778987,-0.0147674598197215
2019,"CON",20,"2020-01-19","TEN",24,"KC",35,"Home",0,"KC","TEN",0.0206195612554214,0.140945923835617,-0.0432720800418331,-0.037808667839174,0.0467893700244102,-0.146416506543661,0.0958330925972584,0.246693517351842,-0.0941341077021809,-0.0340972316944331,0.0163036631579245,-0.0303792856003444
2019,"CON",20,"2020-01-19","GB",20,"SF",37,"Home",0,"SF","GB",0.0211933647731085,0.127258787646334,-0.0594979429377663,-0.0346217671211004,-0.042869597778987,-0.0147674598197215,0.0343587870427169,0.1911333668319,-0.0613146983143763,-0.118358604541897,-0.120091406460655,-0.166321637536065
2019,"SB",21,"2020-02-02","SF",20,"KC",31,"Neutral",0,"KC","SF",0.0343587870427169,0.1911333668319,-0.0613146983143763,-0.118358604541897,-0.120091406460655,-0.166321637536065,0.0958330925972584,0.246693517351842,-0.0941341077021809,-0.0340972316944331,0.0163036631579245,-0.0303792856003444
2020,"WC",18,"2021-01-09","IND",24,"BUF",27,"Home",0,"BUF","IND",0.0498353865434959,0.18029239252727,-0.0446223154371397,-0.0378581982976426,0.0466573491441704,-0.10196044788465,0.126667994445691,0.296620490304962,-0.0814947644894145,0.0160667890200347,0.0707921724989096,-0.0206106695088075
2020,"WC",18,"2021-01-09","LA",30,"SEA",20,"Home",0,"LA","SEA",-0.0463340415325915,0.0333799640436343,-0.0807267038756463,-0.128609794558106,-0.149883093130241,-0.192166575661774,0.0877871324846981,0.16377151011011,-0.0135157733736165,0.0130645733668886,0.123611153010795,-0.134894940065741
2020,"WC",18,"2021-01-09","TB",31,"WAS",23,"Home",0,"TB","WAS",0.0822455477616055,0.235801452836575,-0.0321635584330893,-0.0390190807730314,0.041703270095686,-0.209079886148218,-0.0481176171050208,-0.0663941406322918,-0.0347889700456984,-0.0485314764030629,-0.059904338480459,-0.118557030235846
2020,"WC",18,"2021-01-10","BAL",20,"TEN",13,"Home",0,"BAL","TEN",0.0952879282058696,0.126608023684905,0.0944754678399609,-0.0588593648058993,0.0255399722784789,-0.124473545532754,0.130088529389116,0.293718624264096,0.0732725480688253,0.0891366977312767,0.21731823614252,-0.0358650401419308
2020,"WC",18,"2021-01-10","CHI",9,"NO",21,"Home",0,"NO","CHI",-0.0163609711964656,0.0144132679927927,-0.0702279865072827,-0.0131270237304362,0.10361216348396,-0.124366913521078,0.0627730667301473,0.13825242548966,0.0392893219668604,-0.0578577711366256,0.0157547110038531,-0.150971899366443
2020,"WC",18,"2021-01-10","CLE",48,"PIT",37,"Home",0,"CLE","PIT",0.0500578005989296,0.194662668824044,-0.0324026755344048,0.0635381158312154,0.141218362195229,-0.0217708907533084,0.00885937196037947,0.115747243846437,-0.133799077688726,-0.0844687846908242,-0.110855192919221,-0.093087782799117
2020,"DIV",19,"2021-01-16","LA",18,"GB",32,"Home",0,"GB","LA",-0.0463340415325915,0.0333799640436343,-0.0807267038756463,-0.128609794558106,-0.149883093130241,-0.192166575661774,0.152139379949472,0.353507984666897,0.0272232935351735,0.0227709934438377,0.0676234196487385,-0.0303552925737023
2020,"DIV",19,"2021-01-16","BAL",3,"BUF",17,"Home",0,"BUF","BAL",0.0952879282058696,0.126608023684905,0.0944754678399609,-0.0588593648058993,0.0255399722784789,-0.124473545532754,0.126667994445691,0.296620490304962,-0.0814947644894145,0.0160667890200347,0.0707921724989096,-0.0206106695088075
2020,"DIV",19,"2021-01-17","CLE",17,"KC",22,"Home",0,"KC","CLE",0.0500578005989296,0.194662668824044,-0.0324026755344048,0.0635381158312154,0.141218362195229,-0.0217708907533084,0.138430975559048,0.291413284191355,-0.0557557367579472,0.044518093702306,0.0954384432768931,0.0109854849443
2020,"DIV",19,"2021-01-17","TB",30,"NO",20,"Home",0,"TB","NO",0.0822455477616055,0.235801452836575,-0.0321635584330893,-0.0390190807730314,0.041703270095686,-0.209079886148218,0.0627730667301473,0.13825242548966,0.0392893219668604,-0.0578577711366256,0.0157547110038531,-0.150971899366443
2020,"CON",20,"2021-01-24","TB",31,"GB",26,"Home",0,"TB","GB",0.0822455477616055,0.235801452836575,-0.0321635584330893,-0.0390190807730314,0.041703270095686,-0.209079886148218,0.152139379949472,0.353507984666897,0.0272232935351735,0.0227709934438377,0.0676234196487385,-0.0303552925737023
2020,"CON",20,"2021-01-24","BUF",24,"KC",38,"Home",0,"KC","BUF",0.126667994445691,0.296620490304962,-0.0814947644894145,0.0160667890200347,0.0707921724989096,-0.0206106695088075,0.138430975559048,0.291413284191355,-0.0557557367579472,0.044518093702306,0.0954384432768931,0.0109854849443
2020,"SB",21,"2021-02-07","KC",9,"TB",31,"Neutral",0,"TB","KC",0.138430975559048,0.291413284191355,-0.0557557367579472,0.044518093702306,0.0954384432768931,0.0109854849443,0.0822455477616055,0.235801452836575,-0.0321635584330893,-0.0390190807730314,0.041703270095686,-0.209079886148218
2021,"WC",19,"2022-01-15","LV",19,"CIN",26,"Home",0,"CIN","LV",-0.0121103312808896,0.0844968176151678,-0.16113422713241,0.0405060361914414,0.171854606158171,-0.116968376877358,0.0313648519740916,0.15907079174114,-0.0985453757686494,-0.035779896079074,0.0237627890117574,-0.0802186956547307
2021,"WC",19,"2022-01-15","NE",17,"BUF",47,"Home",0,"BUF","NE",0.0438440072933024,0.136366084537988,-0.0113677450455493,-0.0900588770541214,-0.0539366321448631,-0.0822977811076258,0.0524875105512646,0.162982513007013,-0.0471532438741854,-0.112457662753797,-0.111879971156502,-0.106286833353321
2021,"WC",19,"2022-01-16","PHI",15,"TB",31,"Home",0,"TB","PHI",0.0396064361076634,0.0935752318290419,0.0293261963902355,-0.0107823887404003,0.0600667046300853,-0.0771955149107914,0.0748843506466723,0.195955318469144,0.0242512999037728,-0.0551166990946733,-0.0393832911149113,-0.112979779553363
2021,"WC",19,"2022-01-16","SF",23,"DAL",17,"Home",0,"SF","DAL",0.0468911314431505,0.174026945371182,-0.022153516347934,-0.0077879267626152,0.0975724816687315,-0.148338981144125,0.0499493945936051,0.16628058205302,-0.0542078573046638,-0.0871572723620607,-0.111803355468167,-0.0425543059980537
2021,"WC",19,"2022-01-16","PIT",21,"KC",42,"Home",0,"KC","PIT",-0.0591868970813294,-0.0379695905905337,-0.0779186029648139,-0.0229002423987928,0.0221570712016954,-0.0216125781183873,0.112198121958139,0.215186688269228,-0.020673944328782,0.0145530746669753,0.09193322526623,-0.0661770130539393
2021,"WC",19,"2022-01-17","ARI",11,"LA",34,"Home",0,"LA","ARI",0.0286368743532227,0.149256182257252,-0.0367568356717606,-0.0500856437170813,-0.0158539813394707,-0.129789294874806,0.0512354383934368,0.183665244249597,-0.0891541021958625,-0.028632918184528,0.0299465170684834,-0.113141339324623
2021,"DIV",20,"2022-01-22","CIN",19,"TEN",16,"Home",0,"CIN","TEN",0.0313648519740916,0.15907079174114,-0.0985453757686494,-0.035779896079074,0.0237627890117574,-0.0802186956547307,0.00165926441657639,0.0935287935488393,-0.0523164285720424,-0.0454448478749382,0.0114507748538857,-0.0819724775164238
2021,"DIV",20,"2022-01-22","SF",13,"GB",10,"Home",0,"SF","GB",0.0468911314431505,0.174026945371182,-0.022153516347934,-0.0077879267626152,0.0975724816687315,-0.148338981144125,0.0889423327104799,0.218177024695381,-0.000583063119587615,0.0141609357498209,0.0324540757460156,-0.000625703313560249
2021,"DIV",20,"2022-01-23","LA",30,"TB",27,"Home",0,"LA","TB",0.0512354383934368,0.183665244249597,-0.0891541021958625,-0.028632918184528,0.0299465170684834,-0.113141339324623,0.0748843506466723,0.195955318469144,0.0242512999037728,-0.0551166990946733,-0.0393832911149113,-0.112979779553363
2021,"DIV",20,"2022-01-23","BUF",36,"KC",42,"Home",1,"KC","BUF",0.0524875105512646,0.162982513007013,-0.0471532438741854,-0.112457662753797,-0.111879971156502,-0.106286833353321,0.112198121958139,0.215186688269228,-0.020673944328782,0.0145530746669753,0.09193322526623,-0.0661770130539393
2021,"CON",21,"2022-01-30","CIN",27,"KC",24,"Home",1,"CIN","KC",0.0313648519740916,0.15907079174114,-0.0985453757686494,-0.035779896079074,0.0237627890117574,-0.0802186956547307,0.112198121958139,0.215186688269228,-0.020673944328782,0.0145530746669753,0.09193322526623,-0.0661770130539393
2021,"CON",21,"2022-01-30","SF",17,"LA",20,"Home",0,"LA","SF",0.0468911314431505,0.174026945371182,-0.022153516347934,-0.0077879267626152,0.0975724816687315,-0.148338981144125,0.0512354383934368,0.183665244249597,-0.0891541021958625,-0.028632918184528,0.0299465170684834,-0.113141339324623
2021,"SB",22,"2022-02-13","LA",23,"CIN",20,"Neutral",0,"LA","CIN",0.0512354383934368,0.183665244249597,-0.0891541021958625,-0.028632918184528,0.0299465170684834,-0.113141339324623,0.0313648519740916,0.15907079174114,-0.0985453757686494,-0.035779896079074,0.0237627890117574,-0.0802186956547307
2022,"WC",19,"2023-01-14","SEA",23,"SF",41,"Home",0,"SF","SEA",0.0158125070863921,0.0569918023650731,-0.0706216900413209,0.00531449667117763,0.0471220276419522,0.0186701857043529,0.0393656325950138,0.170883201424485,-0.020720077991565,-0.113561499403288,-0.083022949857403,-0.176053762338939
2022,"WC",19,"2023-01-14","LAC",30,"JAX",31,"Home",0,"JAX","LAC",-0.0183876751398727,0.0400179104094915,-0.0572595338033579,-0.0180147766934744,-0.00576795643189251,0.0381764973721815,0.0291827750237401,0.136223851924407,-0.0977247150423669,-0.0212996548260424,0.0405722002992104,-0.114223658011351
2022,"WC",19,"2023-01-15","MIA",31,"BUF",34,"Home",0,"BUF","MIA",0.0193373152903517,0.10762766993746,-0.0495879120185153,0.0115786224856364,0.0905208177771473,-0.108902303952671,0.0896674951710507,0.203724490764512,-0.0635429238866451,-0.0586765078654973,-0.00884932806112987,-0.117376501083223
2022,"WC",19,"2023-01-15","NYG",31,"MIN",24,"Home",0,"NYG","MIN",0.0237927886728103,0.0597944492824936,-0.00590708711714742,0.0376671713221082,0.0481670600098446,0.0456657016193083,-0.0154936653840264,0.0728469158708254,-0.129593497940784,0.00193459926650215,0.0513804843101965,-0.0769690573591937
2022,"WC",19,"2023-01-15","BAL",17,"CIN",24,"Home",0,"CIN","BAL",0.011256513182978,-0.0186764324399216,0.0363246087278152,-0.0302902288387598,0.0543970387833807,-0.108909251992243,0.0407102725607244,0.153750776776182,-0.0668640545591453,-0.0469358039850382,-0.0248775623998879,-0.0748717070836436
2022,"WC",19,"2023-01-16","DAL",31,"TB",14,"Home",0,"DAL","TB",0.0167266776435876,0.0805205385820537,-0.0332116659756983,-0.0845156714356097,-0.0618110654805345,-0.127737656745701,-0.0556743491846955,0.0499483497984526,-0.210433153417413,-0.018629131410949,0.0132455877568756,-0.0859163239856898
2022,"DIV",20,"2023-01-21","JAX",20,"KC",27,"Home",0,"KC","JAX",0.0291827750237401,0.136223851924407,-0.0977247150423669,-0.0212996548260424,0.0405722002992104,-0.114223658011351,0.122040339328041,0.273618618705756,-0.0189873341831923,0.0092629787989177,0.03586719676397,-0.0787936319929924
2022,"DIV",20,"2023-01-21","NYG",7,"PHI",38,"Home",0,"PHI","NYG",0.0237927886728103,0.0597944492824936,-0.00590708711714742,0.0376671713221082,0.0481670600098446,0.0456657016193083,0.0564433230101795,0.119229693607202,0.0738188758341414,-0.0513747377830895,-0.0883214990713894,-0.0228350756340782
2022,"DIV",20,"2023-01-22","CIN",27,"BUF",10,"Home",0,"CIN","BUF",0.0407102725607244,0.153750776776182,-0.0668640545591453,-0.0469358039850382,-0.0248775623998879,-0.0748717070836436,0.0896674951710507,0.203724490764512,-0.0635429238866451,-0.0586765078654973,-0.00884932806112987,-0.117376501083223
2022,"DIV",20,"2023-01-22","DAL",12,"SF",19,"Home",0,"SF","DAL",0.0167266776435876,0.0805205385820537,-0.0332116659756983,-0.0845156714356097,-0.0618110654805345,-0.127737656745701,0.0393656325950138,0.170883201424485,-0.020720077991565,-0.113561499403288,-0.083022949857403,-0.176053762338939
2022,"CON",21,"2023-01-29","SF",7,"PHI",31,"Home",0,"PHI","SF",0.0393656325950138,0.170883201424485,-0.020720077991565,-0.113561499403288,-0.083022949857403,-0.176053762338939,0.0564433230101795,0.119229693607202,0.0738188758341414,-0.0513747377830895,-0.0883214990713894,-0.0228350756340782
2022,"CON",21,"2023-01-29","CIN",20,"KC",23,"Home",0,"KC","CIN",0.0407102725607244,0.153750776776182,-0.0668640545591453,-0.0469358039850382,-0.0248775623998879,-0.0748717070836436,0.122040339328041,0.273618618705756,-0.0189873341831923,0.0092629787989177,0.03586719676397,-0.0787936319929924
2022,"SB",22,"2023-02-12","KC",38,"PHI",35,"Neutral",0,"KC","PHI",0.122040339328041,0.273618618705756,-0.0189873341831923,0.0092629787989177,0.03586719676397,-0.0787936319929924,0.0564433230101795,0.119229693607202,0.0738188758341414,-0.0513747377830895,-0.0883214990713894,-0.0228350756340782
2023,"WC",19,"2024-01-13","CLE",14,"HOU",45,"Home",0,"HOU","CLE",-0.0980886374460205,-0.130760214959823,-0.112007874385331,-0.140292700646041,-0.186866451946292,-0.102391574895298,-0.0192956036204654,0.05887931883002,-0.163103132215438,-0.0369948940128302,0.0517153461371621,-0.156926824593955
2023,"WC",19,"2024-01-13","MIA",7,"KC",26,"Home",0,"KC","MIA",0.0708677036947708,0.163783743955212,-0.00886867550413076,-0.0203809725733183,0.0105388264717891,-0.100518692709725,-0.00301859786766999,0.0822365422877949,-0.113916654165643,-0.0702632533098184,-0.100249104551955,-0.0284220468270437
2023,"WC",19,"2024-01-14","GB",48,"DAL",32,"Home",0,"GB","DAL",0.0294387861083845,0.15652146566983,-0.0580609191232202,-0.00192535100744011,0.0662387010023924,-0.0687271813473742,0.0943264702311135,0.23199925683621,-0.0599947854640651,-0.0765217084419615,-0.0617539953158171,-0.126241761240146
2023,"WC",19,"2024-01-14","LA",23,"DET",24,"Home",0,"DET","LA",-0.0015956325842226,0.0867481429078943,-0.0196793569523072,-0.0242378119677731,0.0390493038621264,-0.0987507011491553,0.0183495886432832,0.108602067676492,-0.0113252965292089,-0.0324550625601504,0.0785576149047011,-0.175725984945022
2023,"WC",19,"2024-01-15","PIT",17,"BUF",31,"Home",0,"BUF","PIT",-0.0755854369480335,-0.0599541149606239,-0.0706668641918763,-0.0565383640071054,-0.0218482446706817,-0.110637810709077,0.0618906840820664,0.155018535476431,0.0104194846307701,-0.0521132431407585,-0.0416269247108831,-0.0681247724287252
2023,"WC",19,"2024-01-15","PHI",9,"TB",32,"Home",0,"TB","PHI",0.0515922888457776,0.104965099353917,-0.00415962130459365,0.0419358265180835,0.0963074928185128,-0.0149228989079872,-0.0191893994556359,0.10971436679475,-0.165533694556552,-0.0401773150173762,0.0602400003040429,-0.163587312660261
2023,"DIV",20,"2024-01-20","HOU",10,"BAL",34,"Home",0,"BAL","HOU",-0.0192956036204654,0.05887931883002,-0.163103132215438,-0.0369948940128302,0.0517153461371621,-0.156926824593955,0.0495885560869168,0.112941790367397,0.01127153233582,-0.112824836120297,-0.147305441856012,-0.0902229210218296
2023,"DIV",20,"2024-01-20","GB",21,"SF",24,"Home",0,"SF","GB",0.0294387861083845,0.15652146566983,-0.0580609191232202,-0.00192535100744011,0.0662387010023924,-0.0687271813473742,0.122081840538663,0.297622829658808,0.0344222394791404,-0.0455057850236205,-0.0597974085428196,-0.0439585583584439
2023,"DIV",20,"2024-01-21","TB",23,"DET",31,"Home",0,"DET","TB",-0.0191893994556359,0.10971436679475,-0.165533694556552,-0.0401773150173762,0.0602400003040429,-0.163587312660261,0.0183495886432832,0.108602067676492,-0.0113252965292089,-0.0324550625601504,0.0785576149047011,-0.175725984945022
2023,"DIV",20,"2024-01-21","KC",27,"BUF",24,"Home",0,"KC","BUF",-0.00301859786766999,0.0822365422877949,-0.113916654165643,-0.0702632533098184,-0.100249104551955,-0.0284220468270437,0.0618906840820664,0.155018535476431,0.0104194846307701,-0.0521132431407585,-0.0416269247108831,-0.0681247724287252
2023,"CON",21,"2024-01-28","KC",17,"BAL",10,"Home",0,"KC","BAL",-0.00301859786766999,0.0822365422877949,-0.113916654165643,-0.0702632533098184,-0.100249104551955,-0.0284220468270437,0.0495885560869168,0.112941790367397,0.01127153233582,-0.112824836120297,-0.147305441856012,-0.0902229210218296
2023,"CON",21,"2024-01-28","DET",31,"SF",34,"Home",0,"SF","DET",0.0183495886432832,0.108602067676492,-0.0113252965292089,-0.0324550625601504,0.0785576149047011,-0.175725984945022,0.122081840538663,0.297622829658808,0.0344222394791404,-0.0455057850236205,-0.0597974085428196,-0.0439585583584439
2023,"SB",22,"2024-02-11","SF",22,"KC",25,"Neutral",1,"KC","SF",0.122081840538663,0.297622829658808,0.0344222394791404,-0.0455057850236205,-0.0597974085428196,-0.0439585583584439,-0.00301859786766999,0.0822365422877949,-0.113916654165643,-0.0702632533098184,-0.100249104551955,-0.0284220468270437
2024,"WC",19,"2025-01-11","LAC",12,"HOU",32,"Home",0,"HOU","LAC",0.0397161145415807,0.130868766068679,-0.0832450337071264,-0.050973339873653,-0.0176485485697122,-0.124049788755177,-0.0122920445336459,0.00852611293861685,-0.124415717150284,-0.0165096264181322,0.00500847501925939,-0.150304437900624
2024,"WC",19,"2025-01-11","PIT",14,"BAL",28,"Home",0,"BAL","PIT",0.00643231187301837,0.0474657806841769,-0.12429568152683,-0.0251322200756648,0.0165869630498701,-0.0852976040972186,0.140056262089534,0.323842525586039,0.0552633473732382,0.00849365672380246,0.0545288383087365,-0.174149274139278
2024,"WC",19,"2025-01-12","DEN",7,"BUF",31,"Home",0,"BUF","DEN",0.0257996332282534,0.059963360002975,-0.0752049920616014,-0.072451494249611,-0.0590134758334829,-0.175288142170307,0.135750469543813,0.299042414470569,0.0287729827848492,-0.0036071590777202,0.09436007087698,-0.159749333550052
2024,"WC",19,"2025-01-12","GB",10,"PHI",22,"Home",0,"PHI","GB",0.0722471578838627,0.184939072425317,-0.0333142607887096,-0.0394778117020291,-0.0244486451792279,-0.141407217936447,0.0800782098580642,0.16323449203706,0.0578575393700375,-0.0578791249664364,-0.0230531932244657,-0.192791162513289
2024,"WC",19,"2025-01-12","WAS",23,"TB",20,"Home",0,"WAS","TB",0.116522873329936,0.210167763615698,0.0314013177972193,0.0408797143055311,0.0886921907348335,-0.0186708980451704,0.102018381836051,0.208586558271628,0.0119088720179205,0.00430568390282556,0.0927449719860101,-0.145107297635844
2024,"WC",19,"2025-01-13","MIN",9,"LA",27,"Neutral",0,"LA","MIN",0.0228862533226481,0.133090771888674,-0.118751612430462,-0.0727075480810919,-0.0334265508603924,-0.199929659353343,0.0174803942145199,0.107403066567772,-0.0708091412185938,0.0357053169262506,0.119584265172053,-0.0524360846723363
2024,"DIV",20,"2025-01-18","HOU",14,"KC",23,"Home",0,"KC","HOU",-0.0122920445336459,0.00852611293861685,-0.124415717150284,-0.0165096264181322,0.00500847501925939,-0.150304437900624,0.0530531955257462,0.139311696534386,-0.0582482723776076,-0.000412701183163247,0.0703078377861436,-0.114551131042364
2024,"DIV",20,"2025-01-18","WAS",45,"DET",31,"Home",0,"WAS","DET",0.116522873329936,0.210167763615698,0.0314013177972193,0.0408797143055311,0.0886921907348335,-0.0186708980451704,0.139564229065492,0.268663579437822,0.0193792574428437,-0.0383466936620825,-0.0158788238627325,-0.109913692685534
2024,"DIV",20,"2025-01-19","LA",22,"PHI",28,"Home",0,"PHI","LA",0.0174803942145199,0.107403066567772,-0.0708091412185938,0.0357053169262506,0.119584265172053,-0.0524360846723363,0.0800782098580642,0.16323449203706,0.0578575393700375,-0.0578791249664364,-0.0230531932244657,-0.192791162513289
2024,"DIV",20,"2025-01-19","BAL",25,"BUF",27,"Home",0,"BUF","BAL",0.140056262089534,0.323842525586039,0.0552633473732382,0.00849365672380246,0.0545288383087365,-0.174149274139278,0.135750469543813,0.299042414470569,0.0287729827848492,-0.0036071590777202,0.09436007087698,-0.159749333550052
2024,"CON",21,"2025-01-26","WAS",23,"PHI",55,"Home",0,"PHI","WAS",0.116522873329936,0.210167763615698,0.0314013177972193,0.0408797143055311,0.0886921907348335,-0.0186708980451704,0.0800782098580642,0.16323449203706,0.0578575393700375,-0.0578791249664364,-0.0230531932244657,-0.192791162513289
2024,"CON",21,"2025-01-26","BUF",29,"KC",32,"Home",0,"KC","BUF",0.135750469543813,0.299042414470569,0.0287729827848492,-0.0036071590777202,0.09436007087698,-0.159749333550052,0.0530531955257462,0.139311696534386,-0.0582482723776076,-0.000412701183163247,0.0703078377861436,-0.114551131042364
2024,"SB",22,"2025-02-09","KC",22,"PHI",40,"Neutral",0,"PHI","KC",0.0530531955257462,0.139311696534386,-0.0582482723776076,-0.000412701183163247,0.0703078377861436,-0.114551131042364,0.0800782098580642,0.16323449203706,0.0578575393700375,-0.0578791249664364,-0.0230531932244657,-0.192791162513289
